2006.67003425;-69.3090264818;-1.39492981417;69.3230624038;66.9998108882;-47.0127875361;1850.54166667;66.9998106819;-47.0128137632;1850.42916667;
2006.6864726;-47.4465958584;1.84111955522;47.4823038591;66.9998106819;-47.0128137632;1850.42916667;66.9998109542;-47.0128317174;1849.50486111;
2006.70291096;-54.634972905;6.45331187545;55.0147752744;66.9998109542;-47.0128317174;1849.50486111;66.9998119083;-47.0128523917;1850.15208333;
2006.71934932;-46.7639086984;5.42472724749;47.077498048;66.9998119083;-47.0128523917;1850.15208333;66.9998127104;-47.0128700875;1850.25694444;
2006.73578767;-53.5155127186;14.808800805;55.5266664119;66.9998127104;-47.0128700875;1850.25694444;66.9998149;-47.0128903382;1850.07222222;
2006.75222603;-49.7075219725;-20.599873239;53.8069932082;66.9998149;-47.0128903382;1850.07222222;66.9998118542;-47.0129091479;1848.48263889;
2006.76866438;-58.197044005;15.7340573945;60.2864536444;66.9998118542;-47.0129091479;1848.48263889;66.9998141806;-47.0129311701;1848.41736111;
2006.78510274;-38.522137796;3.93586263459;38.722682178;66.9998141806;-47.0129311701;1848.41736111;66.9998147625;-47.0129457472;1848.81458333;
2006.8015411;-60.8305116686;6.16681124387;61.1422988674;66.9998147625;-47.0129457472;1848.81458333;66.9998156743;-47.012968766;1848.09236111;
2006.81797945;-55.3433394341;8.90030999301;56.0544444062;66.9998156743;-47.012968766;1848.09236111;66.9998169903;-47.0129897083;1847.20208333;
2006.83441781;-40.8454633921;22.1779758385;46.4781076638;66.9998169903;-47.0129897083;1847.20208333;66.9998202694;-47.0130051646;1847.94236111;
2006.85085616;-60.3808803917;-17.918038557;62.9833852901;66.9998202694;-47.0130051646;1847.94236111;66.9998176201;-47.0130280132;1847.91319444;
2006.86729452;-53.6054254478;-9.10226954587;54.3727224657;66.9998176201;-47.0130280132;1847.91319444;66.9998162743;-47.0130482979;1846.82847222;
2006.88373288;-47.4594311944;5.54214552952;47.7819315889;66.9998162743;-47.0130482979;1846.82847222;66.9998170937;-47.0130662569;1846.63194444;
2006.90017123;-49.1753170577;11.943793434;50.6049998451;66.9998170937;-47.0130662569;1846.63194444;66.9998188597;-47.0130848653;1847.21944444;
2006.91660959;-52.1574707041;-8.17701305233;52.7945574155;66.9998188597;-47.0130848653;1847.21944444;66.9998176507;-47.0131046021;1846.8875;
2006.93304795;-40.9831003225;-8.80167876676;41.9175865379;66.9998176507;-47.0131046021;1846.8875;66.9998163493;-47.0131201104;1846.91527778;
2006.9494863;-64.7504390559;22.6382557267;68.5938042412;66.9998163493;-47.0131201104;1846.91527778;66.9998196965;-47.0131446125;1847.49097222;
2006.96592466;-55.2846047228;-2.58790017167;55.345142033;66.9998196965;-47.0131446125;1847.49097222;66.9998193139;-47.0131655326;1846.45069444;
2006.98236301;-58.3126420928;12.3664993072;59.6095171341;66.9998193139;-47.0131655326;1846.45069444;66.9998211424;-47.0131875986;1847.62777778;
2006.99880137;-15.0777853981;1.41371687004;15.1439165311;66.9998211424;-47.0131875986;1847.62777778;66.9998213514;-47.0131933042;1847.70694444;
2007.01523973;-54.4954763808;-10.3469039708;55.4690487367;66.9998213514;-47.0131933042;1847.70694444;66.9998198215;-47.0132139257;1846.74097222;
2007.03167808;-77.9857017685;34.6478033753;85.3360413838;66.9998198215;-47.0132139257;1846.74097222;66.9998249444;-47.0132434361;1846.56215278;
2007.04811644;-24.844574862;-10.3234204874;26.9040129094;66.9998249444;-47.0132434361;1846.56215278;66.9998234181;-47.0132528375;1847.87430556;
2007.06455479;-70.378896801;19.9799046238;73.1600007087;66.9998234181;-47.0132528375;1847.87430556;66.9998263722;-47.0132794694;1848.88055556;
2007.08099315;-46.4904400897;-9.10226964223;47.3731182462;66.9998263722;-47.0132794694;1848.88055556;66.9998250264;-47.0132970618;1847.02013889;
2007.09743151;-63.0363641812;31.0360151956;70.2624896257;66.9998250264;-47.0132970618;1847.02013889;66.9998296153;-47.0133209153;1848.25972222;
2007.11386986;-32.064140084;-11.4318493818;34.0410966277;66.9998296153;-47.0133209153;1848.25972222;66.999827925;-47.0133330486;1847.80277778;
2007.13030822;-54.3284608987;5.9930318905;54.6580103449;66.999827925;-47.0133330486;1847.80277778;66.9998288111;-47.0133536069;1848.83680556;
2007.14674658;-67.1618231222;-6.90419823626;67.5157643694;66.9998288111;-47.0133536069;1848.83680556;66.9998277903;-47.0133790215;1847.46180556;
2007.16318493;-45.088365183;12.0236377966;46.6639961934;66.9998277903;-47.0133790215;1847.46180556;66.9998295681;-47.0133960833;1847.68680556;
2007.17962329;-44.7305031893;-1.62976647449;44.7601838058;66.9998295681;-47.0133960833;1847.68680556;66.9998293271;-47.0134130097;1847.24166667;
2007.19606164;-46.3894999166;-4.47598707816;46.6049371079;66.9998293271;-47.0134130097;1847.24166667;66.9998286653;-47.0134305639;1847.36180556;
2007.2125;-49.6249110466;10.6099210224;50.7464503239;66.9998286653;-47.0134305639;1847.36180556;66.999830234;-47.0134493424;1847.88055556;
2007.22893836;-61.9609394402;2.20746483769;62.0002493328;66.999830234;-47.0134493424;1847.88055556;66.9998305604;-47.0134727889;1848.03541667;
2007.24537671;-48.6265731799;5.05838206117;48.8889644838;66.9998305604;-47.0134727889;1848.03541667;66.9998313083;-47.0134911896;1848.30972222;
2007.26181507;-69.0740661795;1.00040414026;69.0813102583;66.9998313083;-47.0134911896;1848.30972222;66.9998314562;-47.0135173278;1848.04583333;
2007.27825342;-26.0686283962;3.95934640635;26.367590152;66.9998314562;-47.0135173278;1848.04583333;66.9998320417;-47.0135271924;1847.98333333;
2007.29469178;-56.6682968582;0.634058954018;56.6718439754;66.9998320417;-47.0135271924;1847.98333333;66.9998321354;-47.0135486361;1848.68055556;
2007.31113014;-60.5423461399;22.3000909327;64.5187548836;66.9998321354;-47.0135486361;1848.68055556;66.9998354326;-47.0135715458;1849.54375;
2007.32756849;-44.02762136;4.69203677874;44.2769313724;66.9998354326;-47.0135715458;1849.54375;66.9998361264;-47.0135882062;1849.62847222;
2007.34400685;-60.5386658366;-13.2870590849;61.9796418221;66.9998361264;-47.0135882062;1849.62847222;66.9998341618;-47.0136111146;1849.49305556;
2007.36044521;-47.039141784;10.2200920643;48.1365883874;66.9998341618;-47.0136111146;1849.49305556;66.9998356729;-47.0136289146;1849.93888889;
2007.37688356;-54.6018842836;-9.63769708154;55.4459283659;66.9998356729;-47.0136289146;1849.93888889;66.9998342479;-47.0136495764;1849.17916667;
2007.39332192;-62.326128542;15.1610557476;64.1436194054;66.9998342479;-47.0136495764;1849.17916667;66.9998364896;-47.0136731611;1849.87708333;
2007.40976027;-33.895632988;2.03838229617;33.9568687903;66.9998364896;-47.0136731611;1849.87708333;66.999836791;-47.0136859875;1850.87083333;
2007.42619863;-71.3863677329;19.5478050309;74.0143917061;66.999836791;-47.0136859875;1850.87083333;66.9998396812;-47.0137130007;1851.9625;
2007.44263699;-30.4968898327;3.50846004535;30.6980387217;66.9998396812;-47.0137130007;1851.9625;66.9998402;-47.013724541;1851.57013889;
2007.45907534;-54.196301097;5.26034151784;54.4509893894;66.9998402;-47.013724541;1851.57013889;66.9998409778;-47.0137450493;1851.59652778;
2007.4755137;-60.1918062788;2.86970418328;60.2601754495;66.9998409778;-47.0137450493;1851.59652778;66.9998414021;-47.0137678264;1852.10555556;
2007.49195205;-44.0533029785;3.37225461138;44.1821865063;66.9998414021;-47.0137678264;1852.10555556;66.9998419007;-47.0137844965;1851.60069444;
2007.50839041;-51.7812110326;-0.309984307042;51.7821388731;66.9998419007;-47.0137844965;1851.60069444;66.9998418549;-47.013804091;1851.22430556;
2007.52482877;-52.3611254803;-2.62077727913;52.426671982;66.9998418549;-47.013804091;1851.22430556;66.9998414674;-47.0138239049;1851.37708333;
2007.54126712;-42.7833638435;10.0087391758;43.9384920275;66.9998414674;-47.0138239049;1851.37708333;66.9998429472;-47.0138400944;1851.25416667;
2007.55770548;-57.4335381062;-3.58830450399;57.5455230979;66.9998429472;-47.0138400944;1851.25416667;66.9998424167;-47.0138618278;1851.32777778;
2007.57414384;-48.4980874562;5.05368534533;48.7606831626;66.9998424167;-47.0138618278;1851.32777778;66.9998431639;-47.0138801799;1850.76527778;
2007.59058219;-53.9467111215;1.05676492336;53.9570606402;66.9998431639;-47.0138801799;1850.76527778;66.9998433201;-47.0139005938;1850.71666667;
2007.60702055;-51.9390328147;9.26665527563;52.7592080089;66.9998433201;-47.0139005938;1850.71666667;66.9998446903;-47.0139202479;1851.03333333;
2007.6234589;-59.7293337897;-4.84702898044;59.9256790107;66.9998446903;-47.0139202479;1851.03333333;66.9998439736;-47.01394285;1850.48263889;
2007.63989726;-48.5072601753;9.77859932763;49.4830808916;66.9998439736;-47.01394285;1850.48263889;66.9998454194;-47.0139612056;1850.28958333;
2007.65633562;-51.0948493826;12.1410560787;52.517510186;66.9998454194;-47.0139612056;1850.28958333;66.9998472146;-47.0139805403;1850.05694444;
2007.67277397;-42.8879585306;21.3137769395;47.8921086856;66.9998472146;-47.0139805403;1850.05694444;66.999850366;-47.0139967694;1848.95347222;
2007.68921233;-48.4063130252;6.55194319745;48.8477133585;66.999850366;-47.0139967694;1848.95347222;66.9998513347;-47.0140150868;1848.67222222;
2007.70565068;-42.3667626454;1.2117573172;42.3840882036;66.9998513347;-47.0140150868;1848.67222222;66.9998515139;-47.0140311188;1848.43402778;
2007.72208904;-52.2216316717;-3.73390327395;52.3549505597;66.9998515139;-47.0140311188;1848.43402778;66.9998509618;-47.0140508799;1848.06180556;
2007.7385274;-57.8464327012;12.3993765106;59.1604117134;66.9998509618;-47.0140508799;1848.06180556;66.9998527951;-47.0140727694;1847.25486111;
2007.75496575;-44.4478441124;7.33629792586;45.0492187889;66.9998527951;-47.0140727694;1847.25486111;66.9998538799;-47.0140895889;1848.08194444;
2007.77140411;-67.7930527026;11.8968259862;68.8290088791;66.9998538799;-47.0140895889;1848.08194444;66.9998556389;-47.0141152424;1848.38888889;
2007.78784247;-65.8532721685;9.96177192089;66.6024800972;66.9998556389;-47.0141152424;1848.38888889;66.9998571118;-47.0141401618;1847.95694444;
2007.80428082;-18.1333224825;-13.6064371117;22.6705208394;66.9998571118;-47.0141401618;1847.95694444;66.9998551;-47.0141470236;1846.42013889;
2007.82071918;-69.7181436085;0.9017728179;69.7239753774;66.9998551;-47.0141470236;1846.42013889;66.9998552333;-47.0141734056;1846.32013889;
2007.83715753;-47.6245205155;10.4878059285;48.7656541792;66.9998552333;-47.0141734056;1846.32013889;66.999856784;-47.0141914271;1846.58680556;
2007.85359589;-46.8060313132;27.0719721703;54.0712145645;66.999856784;-47.0141914271;1846.58680556;66.9998607868;-47.0142091389;1847.58680556;
2007.87003425;-57.2224513758;0.82192835916;57.2283540536;66.9998607868;-47.0142091389;1847.58680556;66.9998609083;-47.0142307924;1847.65902778;
2007.8864726;-40.6270043201;-9.05060557492;41.622913657;66.9998609083;-47.0142307924;1847.65902778;66.9998595701;-47.014246166;1846.49166667;
2007.90291096;-56.9636952003;-0.54482106348;56.966300572;66.9998595701;-47.014246166;1846.49166667;66.9998594896;-47.0142677215;1845.74722222;
2007.91934932;-56.2424733084;14.0855038641;57.9794551799;66.9998594896;-47.0142677215;1845.74722222;66.9998615722;-47.0142890042;1845.40972222;
2007.93578767;-51.2049256349;-6.15741761984;51.5738131324;66.9998615722;-47.0142890042;1845.40972222;66.9998606618;-47.0143083806;1845.84166667;
2007.95222603;-62.9628650487;18.4018019287;65.5968649355;66.9998606618;-47.0143083806;1845.84166667;66.9998633826;-47.0143322063;1845.73680556;
2007.96866438;-26.7053982651;-17.9180383647;32.1595148492;66.9998633826;-47.0143322063;1845.73680556;66.9998607333;-47.0143423118;1845.67708333;
2007.98510264;-77.7754585421;3.86545805228;77.8714563713;66.9998607333;-47.0143423118;1845.67708333;66.9998613049;-47.0143717424;1845.16527778;
2008.00152766;-38.440820232;8.60888509432;39.3930141355;66.9998613049;-47.0143717424;1845.16527778;66.9998625757;-47.0143862653;1845.85208333;
2008.01793033;-46.7005506747;-25.6626175266;53.2870657067;66.9998625757;-47.0143862653;1845.85208333;66.9998587917;-47.0144038889;1845.04236111;
2008.03432377;-52.3591683521;10.4082189308;53.3836447972;66.9998587917;-47.0144038889;1845.04236111;66.9998603264;-47.0144236479;1844.98506944;
2008.05071721;-57.1712838924;18.720665055;60.1582829044;66.9998603264;-47.0144236479;1844.98506944;66.9998630868;-47.0144452229;1845.77118056;
2008.06711066;-53.8037146845;7.13975556179;54.2753703196;66.9998630868;-47.0144452229;1845.77118056;66.9998641396;-47.0144655271;1844.79513889;
2008.0835041;-49.4277212767;1.59184533557;49.4533477348;66.9998641396;-47.0144655271;1844.79513889;66.9998643743;-47.0144841799;1845.25625;
2008.09989754;-49.0026350161;3.42388001402;49.1221049312;66.9998643743;-47.0144841799;1845.25625;66.9998648792;-47.0145026722;1845.56319444;
2008.11629098;-65.7870804674;7.37523580307;66.1991998409;66.9998648792;-47.0145026722;1845.56319444;66.9998659667;-47.0145274986;1846.49652778;
2008.13268443;-25.9946365624;-1.27159239639;26.0257195334;66.9998659667;-47.0145274986;1846.49652778;66.9998657792;-47.0145373083;1845.51875;
2008.14907787;-55.8481686994;1.28101146732;55.8628583001;66.9998657792;-47.0145373083;1845.51875;66.9998659681;-47.014558384;1845.45416667;
2008.16547131;-48.6934785764;8.70805288286;49.4659988364;66.9998659681;-47.014558384;1845.45416667;66.9998672521;-47.0145767597;1845.7;
2008.18186475;-55.2022558776;-2.18525499208;55.2454920637;66.9998672521;-47.0145767597;1845.7;66.9998669299;-47.0145975917;1845.2375;
2008.1982582;-47.846985575;13.6719726198;49.7620022098;66.9998669299;-47.0145975917;1845.2375;66.9998689458;-47.0146156479;1846.54583333;
2008.21465164;-61.4865273405;20.8446952673;64.923758095;66.9998689458;-47.0146156479;1846.54583333;66.9998720194;-47.0146388514;1848.28125;
2008.23104508;-64.1658471464;0.55102330754;64.1682130552;66.9998720194;-47.0146388514;1848.28125;66.9998721007;-47.014663066;1846.49305556;
2008.24743852;-35.5378942903;-0.433283235132;35.5405355187;66.9998721007;-47.014663066;1846.49305556;66.9998720368;-47.0146764771;1848.63402778;
2008.26383197;-40.894709345;-12.9796612256;42.9051145896;66.9998720368;-47.0146764771;1848.63402778;66.9998701229;-47.0146919097;1846.05;
2008.28022541;-67.4174814229;9.5369426839;68.0886927262;66.9998701229;-47.0146919097;1846.05;66.9998715292;-47.0147173514;1848.38263889;
2008.29661885;-47.5120605875;22.417702172;52.535219348;66.9998715292;-47.0147173514;1848.38263889;66.9998748347;-47.0147352813;1848.22083333;
2008.3130123;-36.9401206104;-0.155416837747;36.9404475488;66.9998748347;-47.0147352813;1848.22083333;66.9998748118;-47.0147492215;1847.64375;
2008.32940574;-63.8511660355;-5.23707664713;64.0655787135;66.9998748118;-47.0147492215;1847.64375;66.9998740396;-47.0147733174;1848.51076389;
2008.34579918;-46.8091003128;-8.58089354696;47.5891122649;66.9998740396;-47.0147733174;1848.51076389;66.9998727743;-47.0147909819;1847.59375;
2008.36219262;-55.0955118955;23.7976152805;60.0153474043;66.9998727743;-47.0147909819;1847.59375;66.9998762833;-47.0148117736;1848.94027778;
2008.37858607;-65.8845800622;14.4961529341;67.4604798372;66.9998762833;-47.0148117736;1848.94027778;66.9998784208;-47.0148366368;1848.83541667;
2008.39497951;-56.2897869736;-7.04556360015;56.7290056671;66.9998784208;-47.0148366368;1848.83541667;66.9998773819;-47.0148578792;1849.46458333;
2008.41137295;-44.3156267808;-4.81321248286;44.5762469414;66.9998773819;-47.0148578792;1849.46458333;66.9998766722;-47.0148746028;1848.99236111;
2008.42776639;-65.3085972938;28.67676232;71.3272008258;66.9998766722;-47.0148746028;1848.99236111;66.9998809007;-47.0148992486;1849.70208333;
2008.44415984;-43.8942153102;-1.26217322916;43.9123583853;66.9998809007;-47.0148992486;1849.70208333;66.9998807146;-47.0149158132;1850.14652778;
2008.46055328;-52.0021229503;-0.3956064698;52.0036277178;66.9998807146;-47.0149158132;1850.14652778;66.9998806562;-47.0149354375;1849.89236111;
2008.47694672;-52.4787340992;7.35168769221;52.9911770446;66.9998806562;-47.0149354375;1849.89236111;66.9998817403;-47.0149552417;1849.38194444;
2008.49334016;-46.8127658707;6.06125676844;47.2035367539;66.9998817403;-47.0149552417;1849.38194444;66.999882634;-47.0149729076;1849.9875;
2008.50973361;-51.3911735909;0.791213035976;51.3972639458;66.999882634;-47.0149729076;1849.9875;66.9998827507;-47.0149923014;1849.63055556;
2008.52612705;-49.2050196378;-0.984306542637;49.2148637804;66.9998827507;-47.0149923014;1849.63055556;66.9998826056;-47.0150108701;1849.84652778;
2008.54252049;-47.4494722503;-0.226060881186;47.4500107519;66.9998826056;-47.0150108701;1849.84652778;66.9998825722;-47.0150287764;1849.22569444;
2008.55891393;-54.4808639886;-1.08791796061;54.4917251189;66.9998825722;-47.0150287764;1849.22569444;66.9998824118;-47.0150493361;1848.93194444;
2008.57530738;-48.9381917848;3.40975135953;49.056834585;66.9998824118;-47.0150493361;1848.93194444;66.9998829146;-47.0150678042;1849.6125;
2008.59170082;-55.5684194686;7.47413725186;56.0688145933;66.9998829146;-47.0150678042;1849.6125;66.9998840167;-47.0150887743;1848.89826389;
2008.60809426;-55.9419768519;2.58086155822;56.0014787348;66.9998840167;-47.0150887743;1848.89826389;66.9998843972;-47.0151098854;1848.44236111;
2008.6244877;-39.832895149;3.94664581988;40.0279346104;66.9998843972;-47.0151098854;1848.44236111;66.9998849792;-47.0151249174;1848.81041667;
2008.64088115;-55.3512715471;-6.04712811404;55.6806161991;66.9998849792;-47.0151249174;1848.81041667;66.9998840875;-47.0151458056;1848.30902778;
2008.65727459;-62.8592757294;27.1508515402;68.4723103494;66.9998840875;-47.0151458056;1848.30902778;66.999888091;-47.0151695271;1848.99465278;
2008.67366803;-29.522269195;4.54476525264;29.8700396656;66.999888091;-47.0151695271;1848.99465278;66.9998887611;-47.0151806681;1848.24388889;
2008.69006148;-54.8948943064;5.20881904895;55.1414654937;66.9998887611;-47.0151806681;1848.24388889;66.9998895292;-47.015201384;1848.05618056;
2008.70645492;-65.678442207;-13.893323821;67.1318271578;66.9998895292;-47.015201384;1848.05618056;66.9998874806;-47.0152261694;1846.92375;
2008.72284836;-37.1682857781;25.1916574297;44.9010141504;66.9998874806;-47.0152261694;1846.92375;66.9998911951;-47.0152401958;1848.25618056;
2008.7392418;-45.0940045425;17.5997800088;48.4068332164;66.9998911951;-47.0152401958;1848.25618056;66.9998937903;-47.0152572132;1848.055625;
2008.75563525;-65.4796895589;-5.28417267616;65.6925583731;66.9998937903;-47.0152572132;1848.055625;66.9998930111;-47.0152819236;1847.79423611;
2008.77202869;-41.7650867584;21.1649483025;46.8217631939;66.9998930111;-47.0152819236;1847.79423611;66.9998961319;-47.0152976847;1847.584375;
2008.78842213;-59.3959962833;-14.2324150948;61.0773772678;66.9998961319;-47.0152976847;1847.584375;66.9998940333;-47.0153200993;1847.65826389;
2008.80481557;-35.9942308137;9.70648817653;37.2800290315;66.9998940333;-47.0153200993;1847.65826389;66.9998954646;-47.0153336826;1847.99277778;
2008.82120902;-62.9383747265;21.8808077114;66.6333907235;66.9998954646;-47.0153336826;1847.99277778;66.999898691;-47.015357434;1847.66833333;
2008.83760246;-53.6453791364;3.0424023915;53.7315821002;66.999898691;-47.015357434;1847.66833333;66.9998991396;-47.0153776785;1847.04666667;
2008.8539959;-54.731093439;-4.37050998392;54.905318017;66.9998991396;-47.0153776785;1847.04666667;66.9998984951;-47.0153983326;1847.32333333;
2008.87038934;-46.9323463319;-2.46312148582;46.9969371308;66.9998984951;-47.0153983326;1847.32333333;66.9998981319;-47.0154160438;1846.56902778;
2008.88678279;-52.8798590183;34.0080310251;62.8715012068;66.9998981319;-47.0154160438;1846.56902778;66.9999031465;-47.0154359993;1848.00666667;
2008.90317623;-54.5636266719;-18.0519018676;57.47225867;66.9999031465;-47.0154359993;1848.00666667;66.9999004847;-47.0154565903;1847.37465278;
2008.91956967;-49.6999963005;-8.89643690245;50.4899615946;66.9999004847;-47.0154565903;1847.37465278;66.9998991729;-47.0154753458;1846.6975;
2008.93596311;-48.8774316099;12.4945722813;50.4491591335;66.9998991729;-47.0154753458;1846.6975;66.9999010153;-47.015493791;1847.01854167;
2008.95235656;-59.265330528;7.63426376961;59.7550113873;66.9999010153;-47.015493791;1847.01854167;66.999902141;-47.0155161563;1846.84055556;
2008.96875;-57.587069704;14.6798272736;59.4286793213;66.999902141;-47.0155161563;1846.84055556;66.9999043056;-47.0155378882;1847.16319444;
2008.98514354;-44.055580519;-11.891600385;45.63227295;66.9999043056;-47.0155378882;1847.16319444;66.9999025521;-47.0155545139;1847.38458333;
2009.00155032;-54.1835474123;8.20500582204;54.8012676014;66.9999025521;-47.0155545139;1847.38458333;66.9999037639;-47.0155749944;1847.275625;
2009.01797945;-43.2952659338;-4.69203677887;43.5487687704;66.9999037639;-47.0155749944;1847.275625;66.9999030701;-47.0155913778;1846.761875;
2009.03441781;-56.436900264;8.99424469558;57.1491045342;66.9999030701;-47.0155913778;1846.761875;66.9999044;-47.015612734;1847.0225;
2009.05085616;-42.6804838023;1.71900436504;42.7150871895;66.9999044;-47.015612734;1847.0225;66.9999046542;-47.0156288847;1846.61618056;
2009.06729452;-69.8391225866;-7.34569106913;70.2243705629;66.9999046542;-47.0156288847;1846.61618056;66.9999035681;-47.0156553125;1846.375625;
2009.08373288;-52.6472787057;25.6159845687;58.548395542;66.9999035681;-47.0156553125;1846.375625;66.9999073556;-47.0156752347;1847.24923611;
2009.10017123;-47.1839783738;-2.61138375113;47.2561862646;66.9999073556;-47.0156752347;1847.24923611;66.9999069694;-47.0156930896;1847.24479167;
2009.11660959;-41.8491486215;-1.12251933053;41.8642005775;66.9999069694;-47.0156930896;1847.24479167;66.9999068035;-47.0157089257;1846.91763889;
2009.13304795;-63.0820314178;2.75228580502;63.142044352;66.9999068035;-47.0157089257;1846.91763889;66.9999072104;-47.0157327965;1846.98229167;
2009.1494863;-41.9996319178;-1.4935613288;42.0261800152;66.9999072104;-47.0157327965;1846.98229167;66.9999069896;-47.0157486896;1846.65423611;
2009.16592466;-48.2281891391;18.4675562402;51.6430911268;66.9999069896;-47.0157486896;1846.65423611;66.9999097201;-47.0157669396;1847.30770833;
2009.18236301;-58.0830294758;1.61097970698;58.1053660921;66.9999097201;-47.0157669396;1847.30770833;66.9999099583;-47.0157889188;1847.21736111;
2009.19880137;-56.9984453296;-14.963793006;58.9299403624;66.9999099583;-47.0157889188;1847.21736111;66.9999077458;-47.0158104875;1846.79180556;
2009.21523973;-46.3214491566;20.2241345248;50.5439637271;66.9999077458;-47.0158104875;1846.79180556;66.9999107361;-47.015828016;1847.42520833;
2009.23167808;-48.8906768912;-20.5622994156;53.038725891;66.9999107361;-47.015828016;1847.42520833;66.9999076958;-47.0158465167;1846.61388889;
2009.24811644;-51.6874774471;12.5355818486;53.1858640724;66.9999076958;-47.0158465167;1846.61388889;66.9999095493;-47.0158660757;1847.11631944;
2009.26455479;-46.8004242463;10.3422072546;47.9295416265;66.9999095493;-47.0158660757;1847.11631944;66.9999110785;-47.0158837854;1847.03604167;
2009.28099315;-55.6404193551;7.30342062618;56.1176996932;66.9999110785;-47.0158837854;1847.03604167;66.9999121583;-47.0159048403;1847.53152778;
2009.29743151;-54.9522293727;-14.7430465899;56.8955616527;66.9999121583;-47.0159048403;1847.53152778;66.9999099785;-47.0159256347;1847.183125;
2009.31386986;-45.4075318559;16.6640106039;48.368721284;66.9999099785;-47.0159256347;1847.183125;66.9999124424;-47.0159428174;1847.14409722;
2009.33030822;-59.2611999433;12.2302941615;60.510081094;66.9999124424;-47.0159428174;1847.14409722;66.9999142507;-47.0159652424;1847.53118056;
2009.34674658;-56.4552259917;-6.46270530726;56.8239307129;66.9999142507;-47.0159652424;1847.53118056;66.9999132951;-47.0159866056;1847.38090278;
2009.36318493;-45.5231411533;5.88500704005;45.9019573475;66.9999132951;-47.0159866056;1847.38090278;66.9999141653;-47.0160038319;1848.4625;
2009.37962329;-52.2857279753;-0.554214591397;52.2886651552;66.9999141653;-47.0160038319;1848.4625;66.9999140833;-47.0160236174;1848.40055556;
2009.39606164;-61.7533519992;20.1724705537;64.964644626;66.9999140833;-47.0160236174;1848.40055556;66.999917066;-47.0160469854;1848.48333333;
2009.4125;-45.5506615995;-4.48068369807;45.7705068637;66.999917066;-47.0160469854;1848.48333333;66.9999164035;-47.0160642222;1848.73972222;
2009.42893836;-57.0975291913;0.911166249712;57.104798955;66.9999164035;-47.0160642222;1848.73972222;66.9999165382;-47.0160858285;1848.38083333;
2009.44537671;-55.8698026522;-3.89828881113;56.0056381452;66.9999165382;-47.0160858285;1848.38083333;66.9999159618;-47.0161069701;1848.37805556;
2009.46181507;-40.8397916579;10.6052243064;42.1943048912;66.9999159618;-47.0161069701;1848.37805556;66.9999175299;-47.0161224243;1848.55805556;
2009.47825342;-47.0499914982;3.84662474404;47.2069721747;66.9999175299;-47.0161224243;1848.55805556;66.9999180986;-47.0161402285;1847.79986111;
2009.49469178;-47.5142874805;10.6099211186;48.6844733044;66.9999180986;-47.0161402285;1847.79986111;66.9999196674;-47.0161582083;1848.21493056;
2009.51113014;-59.9585454135;1.08024869515;59.9682758244;66.9999196674;-47.0161582083;1848.21493056;66.9999198271;-47.0161808972;1848.50402778;
2009.52756849;-47.3087454889;0.807838115329;47.3156422566;66.9999198271;-47.0161808972;1848.50402778;66.9999199465;-47.0161987993;1848.03534722;
2009.54400685;-55.3412669807;5.00671799404;55.5672840446;66.9999199465;-47.0161987993;1848.03534722;66.9999206868;-47.016219741;1848.03298611;
2009.56044521;-52.3536151021;-5.97894174245;52.6939157647;66.9999206868;-47.016219741;1848.03298611;66.9999198028;-47.0162395521;1847.72611111;
2009.57688356;-46.9508881498;10.6427982262;48.142029996;66.9999198028;-47.0162395521;1847.72611111;66.9999213764;-47.0162573188;1847.75645833;
2009.59332192;-57.5141001956;-10.1731249053;58.4068847966;66.9999213764;-47.0162573188;1847.75645833;66.9999198722;-47.0162790826;1847.27659722;
2009.60976027;-46.2039754429;22.0041966772;51.1760883435;66.9999198722;-47.0162790826;1847.27659722;66.9999231257;-47.0162965667;1847.08069444;
2009.62619863;-45.5212875762;8.78758833095;46.3617226953;66.9999231257;-47.0162965667;1847.08069444;66.999924425;-47.0163137924;1847.31263889;
2009.64263699;-58.738148494;8.22867731186;59.3117291841;66.999924425;-47.0163137924;1847.31263889;66.9999256417;-47.0163360194;1847.59986111;
2009.65907534;-33.3853327367;1.32447888339;33.4115950869;66.9999256417;-47.0163360194;1847.59986111;66.9999258375;-47.0163486528;1847.19159722;
2009.6755137;-29.940726607;0.587091602716;29.9464820356;66.9999258375;-47.0163486528;1847.19159722;66.9999259243;-47.0163599826;1846.73263889;
2009.69195205;-56.8938034918;0.662239441679;56.897657569;66.9999259243;-47.0163599826;1846.73263889;66.9999260222;-47.0163815118;1846.83555556;
2009.70839041;-46.6113705278;0.432099401169;46.6133733211;66.9999260222;-47.0163815118;1846.83555556;66.9999260861;-47.01639915;1846.60923611;
2009.72482877;-55.6367146661;1.85990651506;55.6677938406;66.9999260861;-47.01639915;1846.60923611;66.9999263611;-47.0164202035;1846.95270833;
2009.74126712;-50.3385911107;21.5486134079;54.7568853644;66.9999263611;-47.0164202035;1846.95270833;66.9999295472;-47.0164392521;1846.86701389;
2009.75770548;-58.4940591508;6.90889514429;58.9006603363;66.9999295472;-47.0164392521;1846.86701389;66.9999305688;-47.0164613868;1846.84895833;
2009.77414384;-42.0381300368;-2.88849114302;42.1372490568;66.9999305688;-47.0164613868;1846.84895833;66.9999301417;-47.0164772944;1846.75458333;
2009.79058219;-67.4955433632;25.0664668854;71.9998342777;66.9999301417;-47.0164772944;1846.75458333;66.9999338479;-47.0165028354;1847.00361111;
2009.80702055;-61.3660820083;6.10105693285;61.6686218165;66.9999338479;-47.0165028354;1847.00361111;66.99993475;-47.0165260569;1846.95048611;
2009.8234589;-43.3153975852;6.32180325322;43.7742945613;66.99993475;-47.0165260569;1846.95048611;66.9999356847;-47.0165424479;1846.67451389;
2009.83989726;-47.5381102525;-8.05959467434;48.2164805092;66.9999356847;-47.0165424479;1846.67451389;66.9999344931;-47.0165604368;1846.43520833;
2009.85633562;-51.4488490495;11.0889877751;52.6303117832;66.9999344931;-47.0165604368;1846.43520833;66.9999361326;-47.0165799056;1846.30569444;
2009.87277397;-41.4508676854;0.948740169185;41.4617237918;66.9999361326;-47.0165799056;1846.30569444;66.9999362729;-47.016595591;1846.37493056;
2009.88921233;-57.3874385656;-1.64385662223;57.4109777806;66.9999362729;-47.016595591;1846.37493056;66.9999360299;-47.0166173069;1846.04909722;
2009.90565068;-45.1395491462;15.6401225962;47.7722966995;66.9999360299;-47.0166173069;1846.04909722;66.9999383424;-47.0166343882;1845.45222222;
2009.92208904;-66.5761031104;-7.78718419044;67.0299764507;66.9999383424;-47.0166343882;1845.45222222;66.999937191;-47.0166595812;1846.09333333;
2009.9385274;-54.9136343657;18.5849745218;57.9733431607;66.999937191;-47.0166595812;1846.09333333;66.9999399389;-47.0166803611;1846.14611111;
2009.95496575;-62.4745060403;21.2949899798;66.0040945943;66.9999399389;-47.0166803611;1846.14611111;66.9999430875;-47.0167040021;1847.53416667;
2009.97140411;-31.4932543732;-24.5920968489;39.9574310791;66.9999430875;-47.0167040021;1847.53416667;66.9999394514;-47.0167159194;1846.57513889;
2009.98784247;-55.5889698032;21.3795311547;59.5585251343;66.9999394514;-47.0167159194;1846.57513889;66.9999426125;-47.0167369549;1846.08357639;
2010.00428082;-50.4560080011;-1.13660957436;50.4688084338;66.9999426125;-47.0167369549;1846.08357639;66.9999424444;-47.0167560479;1846.58986111;
2010.02071918;-40.8727801545;-5.22276769463;41.2051144877;66.9999424444;-47.0167560479;1846.58986111;66.9999416722;-47.0167715146;1845.88527778;
2010.03715753;-65.6695227879;3.10923765553;65.7430877126;66.9999416722;-47.0167715146;1845.88527778;66.9999421319;-47.0167963646;1845.34208333;
2010.05359589;-41.5224288649;-2.54562963233;41.6003885687;66.9999421319;-47.0167963646;1845.34208333;66.9999417556;-47.0168120771;1845.97666667;
2010.07003425;-53.2381189705;16.715674575;55.8006369857;66.9999417556;-47.0168120771;1845.97666667;66.9999442271;-47.0168322229;1846.20659722;
2010.0864726;-50.2816640118;-6.22317193103;50.6653096771;66.9999442271;-47.0168322229;1846.20659722;66.9999433069;-47.01685125;1846.21923611;
2010.10291096;-54.3924339066;6.20438516335;54.7451482922;66.9999433069;-47.01685125;1846.21923611;66.9999442243;-47.0168718326;1846.40222222;
2010.11934932;-41.8894581462;15.8185984734;44.7767212003;66.9999442243;-47.0168718326;1846.40222222;66.9999465632;-47.016887684;1847.18590278;
2010.13578767;-63.8490268475;1.70961112548;63.8719108809;66.9999465632;-47.016887684;1847.18590278;66.999946816;-47.0169118451;1846.79076389;
2010.15222603;-47.0058909212;-2.86031084758;47.0928355426;66.999946816;-47.0169118451;1846.79076389;66.9999463931;-47.0169296326;1846.65958333;
2010.16866438;-54.7539543153;-5.40124347559;55.0197141418;66.9999463931;-47.0169296326;1846.65958333;66.9999455944;-47.0169503521;1846.85986111;
2010.18510274;-43.0969937755;1.48416780088;43.1225419769;66.9999455944;-47.0169503521;1846.85986111;66.9999458139;-47.0169666604;1847.17368056;
2010.2015411;-57.0680975154;9.33240949002;57.8261326816;66.9999458139;-47.0169666604;1847.17368056;66.9999471938;-47.0169882556;1847.139375;
2010.21797945;-56.9084350317;-3.38634485521;57.0090984777;66.9999471938;-47.0169882556;1847.139375;66.9999466931;-47.0170097903;1847.65381944;
2010.23441781;-54.6677009372;-13.3293298164;56.2692505647;66.9999466931;-47.0170097903;1847.65381944;66.9999447222;-47.0170304771;1846.59118056;
2010.25085616;-42.8657646023;17.9743992437;46.4817469886;66.9999447222;-47.0170304771;1846.59118056;66.9999473799;-47.0170466979;1846.57298611;
2010.26729452;-54.1226556934;-4.8846029959;54.3426278876;66.9999473799;-47.0170466979;1846.57298611;66.9999466576;-47.0170671785;1846.83305556;
2010.28373288;-66.1356410047;2.34836679544;66.1773211735;66.9999466576;-47.0170671785;1846.83305556;66.9999470049;-47.0170922049;1847.36145833;
2010.30017123;-39.048619492;4.27402762141;39.2818278131;66.9999470049;-47.0170922049;1847.36145833;66.9999476368;-47.0171069813;1846.66229167;
2010.31660959;-52.1535241821;7.63688870477;52.7096969608;66.9999476368;-47.0171069813;1846.66229167;66.999948766;-47.0171267167;1847.18902778;
2010.33304795;-60.206220806;4.54643810521;60.3776376085;66.999948766;-47.0171267167;1847.18902778;66.9999494382;-47.0171494993;1847.33555556;
2010.3494863;-46.420468617;-0.136205241842;46.4206684408;66.9999494382;-47.0171494993;1847.33555556;66.9999494181;-47.0171670653;1847.41090278;
2010.36592466;-49.9017743871;11.4365461935;51.1955239822;66.9999494181;-47.0171670653;1847.41090278;66.999951109;-47.0171859486;1847.52715278;
2010.38236301;-48.9731780872;2.88849104686;49.0582872967;66.999951109;-47.0171859486;1847.52715278;66.9999515361;-47.0172044806;1846.83243056;
2010.39880137;-46.1029812722;3.29710696465;46.2207290783;66.9999515361;-47.0172044806;1846.83243056;66.9999520236;-47.0172219264;1847.11111111;
2010.41523973;-54.7374251737;8.61380926574;55.4110406391;66.9999520236;-47.0172219264;1847.11111111;66.9999532972;-47.0172426396;1847.34784722;
2010.43167808;-62.3423399413;-11.4929069766;63.3928565386;66.9999532972;-47.0172426396;1847.34784722;66.9999515979;-47.0172662306;1847.37069444;
2010.44811644;-50.2944949253;23.0844454678;55.339207099;66.9999515979;-47.0172662306;1847.37069444;66.9999550111;-47.0172852625;1847.77125;
2010.46455479;-51.1680256661;-6.32650006524;51.5576517467;66.9999550111;-47.0172852625;1847.77125;66.9999540757;-47.017304625;1847.86826389;
2010.48099315;-53.5335533002;10.1214606462;54.4819721978;66.9999540757;-47.017304625;1847.86826389;66.9999555722;-47.0173248826;1847.40236111;
2010.49743151;-49.5677620645;-3.62118151548;49.6998590707;66.9999555722;-47.0173248826;1847.40236111;66.9999550368;-47.0173436396;1847.39451389;
2010.51386986;-50.6651908174;1.51704490834;50.687897824;66.9999550368;-47.0173436396;1847.39451389;66.9999552611;-47.0173628118;1847.32069444;
2010.53030822;-46.79666597;6.44391834734;47.2382475286;66.9999552611;-47.0173628118;1847.32069444;66.9999562139;-47.0173805201;1847.47423611;
2010.54674658;-57.9250943867;2.22155498535;57.967679497;66.9999562139;-47.0173805201;1847.47423611;66.9999565424;-47.0174024396;1847.86326389;
2010.56318493;-51.2818025535;-1.72839789297;51.3109211807;66.9999565424;-47.0174024396;1847.86326389;66.9999562868;-47.0174218451;1847.37847222;
2010.57962329;-54.7869649894;10.0510098114;55.7012955952;66.9999562868;-47.0174218451;1847.37847222;66.9999577729;-47.0174425771;1847.005625;
2010.59606164;-56.0954330151;-1.38083966645;56.1124257481;66.9999577729;-47.0174425771;1847.005625;66.9999575688;-47.0174638042;1847.31701389;
2010.6125;-45.4533220813;9.78799266346;46.4952609264;66.9999575688;-47.0174638042;1847.31701389;66.999959016;-47.0174810042;1848.25972222;
2010.62893836;-18.2727188258;-5.88970385215;19.1984599578;66.999959016;-47.0174810042;1848.25972222;66.9999581451;-47.0174879187;1848.72604167;
2010.64537671;-54.133642732;4.02040380924;54.2827313446;66.9999581451;-47.0174879187;1848.72604167;66.9999587396;-47.0175084035;1848.28854167;
2010.66181507;-57.8681983235;6.50497603875;58.2326634327;66.9999587396;-47.0175084035;1848.28854167;66.9999597014;-47.0175303014;1848.78784722;
2010.67825342;-44.6201540666;-12.1504497021;46.2449086591;66.9999597014;-47.0175303014;1848.78784722;66.9999579049;-47.0175471861;1847.07048611;
2010.69469178;-54.7612690799;8.68426038854;55.445585665;66.9999579049;-47.0175471861;1847.07048611;66.9999591889;-47.0175679083;1847.16979167;
2010.71113014;-50.7055557541;21.7787533526;55.1848483002;66.9999591889;-47.0175679083;1847.16979167;66.999962409;-47.0175870958;1847.44861111;
2010.72756849;-58.5508701748;10.5676504832;59.4968876073;66.999962409;-47.0175870958;1847.44861111;66.9999639715;-47.0176092521;1846.57326389;
2010.74400685;-59.3877005871;-0.507247144006;59.3898668182;66.9999639715;-47.0176092521;1846.57326389;66.9999638965;-47.017631725;1845.56527778;
2010.76044521;-32.2272925375;9.87253383784;33.7055679181;66.9999638965;-47.017631725;1845.56527778;66.9999653563;-47.0176439201;1846.24270833;
2010.77688356;-57.3892051343;-4.16130595922;57.5398760272;66.9999653563;-47.0176439201;1846.24270833;66.999964741;-47.0176656368;1846.05277778;
2010.79332192;-56.6936799389;15.0483342771;58.6568470814;66.999964741;-47.0176656368;1846.05277778;66.999966966;-47.0176870903;1846.13229167;
2010.80976027;-51.8396699623;-1.82233249947;51.8716905213;66.999966966;-47.0176870903;1846.13229167;66.9999666965;-47.0177067069;1845.33854167;
2010.82619863;-52.768262771;-0.976920752959;52.777305066;66.9999666965;-47.0177067069;1845.33854167;66.9999665521;-47.017726675;1844.37881944;
2010.84263699;-35.5838012476;6.96995264349;36.2599938098;66.9999665521;-47.017726675;1844.37881944;66.9999675826;-47.0177401403;1845.04895833;
2010.85907534;-75.2031217278;1.13660957433;75.2117105172;66.9999675826;-47.0177401403;1845.04895833;66.9999677507;-47.0177685979;1844.83506944;
2010.8755137;-39.0724432624;4.01570709334;39.2782602206;66.9999677507;-47.0177685979;1844.83506944;66.9999683444;-47.0177833833;1844.70625;
2010.89195205;-42.7721297182;31.167523818;52.9232427349;66.9999683444;-47.0177833833;1844.70625;66.9999729528;-47.0177995688;1845.796875;
2010.90839041;-65.2913949213;11.2533735046;66.2540916925;66.9999729528;-47.0177995688;1845.796875;66.9999746167;-47.0178242757;1845.69722222;
2010.92482877;-58.0920502814;-13.9821757294;59.7510463843;66.9999746167;-47.0178242757;1845.69722222;66.9999725493;-47.0178462583;1845.59131944;
2010.94126712;-47.3049726056;2.91667153457;47.3948035765;66.9999725493;-47.0178462583;1845.59131944;66.9999729806;-47.017864159;1845.20833333;
2010.95770548;-44.9082501707;0.300590875225;44.9092561536;66.9999729806;-47.017864159;1845.20833333;66.999973025;-47.0178811528;1844.36354167;
2010.97414384;-49.6246164732;23.6339632479;54.9651414891;66.999973025;-47.0178811528;1844.36354167;66.9999765194;-47.0178999313;1844.66388889;
2010.99058219;-72.1622310456;-18.923139509;74.6020964743;66.9999765194;-47.0178999313;1844.66388889;66.9999737215;-47.0179272382;1844.24826389;
2011.00702055;-32.3410595292;0.807838211464;32.3511473374;66.9999737215;-47.0179272382;1844.24826389;66.999973841;-47.0179394764;1843.81631944;
2011.0234589;-51.4175680625;18.7164831444;54.7181235676;66.999973841;-47.0179394764;1843.81631944;66.9999766083;-47.0179589333;1844.16388889;
2011.03989726;-58.6058908425;-14.1042907278;60.2791959002;66.9999766083;-47.0179589333;1844.16388889;66.9999745229;-47.0179811104;1843.60104167;
2011.05633562;-43.4070848387;18.0777272817;47.0210510076;66.9999745229;-47.0179811104;1843.60104167;66.9999771958;-47.0179975361;1843.68923611;
2011.07277397;-62.0541582651;3.72450974593;62.1658308948;66.9999771958;-47.0179975361;1843.68923611;66.9999777465;-47.0180210181;1843.79965278;
2011.08921233;-53.3481499065;-4.62628256395;53.5483668174;66.9999777465;-47.0180210181;1843.79965278;66.9999770625;-47.0180412056;1842.88645833;
2011.10565068;-47.2756012358;-2.86031065527;47.362050729;66.9999770625;-47.0180412056;1842.88645833;66.9999766396;-47.0180590951;1844.16736111;
2011.12208904;-56.1284223823;32.1585345269;64.6882612384;66.9999766396;-47.0180590951;1844.16736111;66.9999813944;-47.0180803347;1845.33576389;
2011.1385274;-54.6419306781;-21.4077114501;58.6858645481;66.9999813944;-47.0180803347;1845.33576389;66.9999782292;-47.0181010118;1844.27673611;
2011.15496575;-53.9005324927;-1.7659719086;53.9294544733;66.9999782292;-47.0181010118;1844.27673611;66.9999779681;-47.0181214083;1844.32430556;
2011.17140411;-43.2272328465;16.278878554;46.1908599892;66.9999779681;-47.0181214083;1844.32430556;66.999980375;-47.018137766;1845.15347222;
2011.18784247;-47.5435283617;-16.0111645941;50.1671653648;66.999980375;-47.018137766;1845.15347222;66.9999780076;-47.0181557569;1844.44652778;
2011.20428082;-44.9889879983;32.5906339272;55.553203876;66.9999780076;-47.0181557569;1844.44652778;66.9999828264;-47.0181727813;1845.56493056;
2011.22071918;-51.2065055211;-1.45129059731;51.2270675725;66.9999828264;-47.0181727813;1845.56493056;66.9999826118;-47.0181921583;1846.95833333;
2011.23715753;-52.4507453244;1.92096391793;52.4859103709;66.9999826118;-47.0181921583;1846.95833333;66.9999828958;-47.0182120062;1846.39444444;
2011.25359589;-62.8854718196;-13.9915691619;64.4231835102;66.9999828958;-47.0182120062;1846.39444444;66.9999808271;-47.0182358028;1845.734375;
2011.27003425;-44.2824455948;-0.197262933066;44.2828849616;66.9999808271;-47.0182358028;1845.734375;66.9999807979;-47.0182525597;1845.65520833;
2011.2864726;-43.0987665297;1.49825814082;43.1248009136;66.9999807979;-47.0182525597;1845.65520833;66.9999810194;-47.0182688687;1845.70381944;
2011.30291096;-58.950890543;9.61421350188;59.7297295915;66.9999810194;-47.0182688687;1845.70381944;66.999982441;-47.0182911764;1846.33611111;
2011.31934932;-64.5609752799;16.26948493;66.5793937265;66.999982441;-47.0182911764;1846.33611111;66.9999848465;-47.0183156069;1847.67638889;
2011.33578767;-40.1863586139;-3.29241015264;40.3210042441;66.9999848465;-47.0183156069;1847.67638889;66.9999843597;-47.0183308139;1847.58958333;
2011.35222603;-61.4430313576;18.9841970083;64.3089872293;66.9999843597;-47.0183308139;1847.58958333;66.9999871667;-47.0183540646;1848.50798611;
2011.36866438;-52.9205366899;-17.5094227348;55.7419329415;66.9999871667;-47.0183540646;1848.50798611;66.9999845778;-47.0183740903;1847.11875;
2011.38510274;-35.0203804284;8.88621984541;36.1302082542;66.9999845778;-47.0183740903;1847.11875;66.9999858917;-47.0183873424;1847.29131944;
2011.4015411;-72.2411151304;-1.49356123269;72.2565529238;66.9999858917;-47.0183873424;1847.29131944;66.9999856708;-47.0184146792;1845.78125;
2011.41797945;-47.8573305594;30.1999966895;56.5894326559;66.9999856708;-47.0184146792;1845.78125;66.9999901361;-47.0184327889;1848.82777778;
2011.43441781;-58.7379898098;1.87399675884;58.7678765206;66.9999901361;-47.0184327889;1848.82777778;66.9999904132;-47.018455016;1848.44305556;
2011.45085616;-44.7834270326;16.4056901718;47.693836151;66.9999904132;-47.018455016;1848.44305556;66.9999928389;-47.0184719625;1849.32083333;
2011.46729452;-49.8668172444;-5.94606473128;50.2200671831;66.9999928389;-47.0184719625;1849.32083333;66.9999919597;-47.0184908326;1848.71111111;
2011.48373288;-55.4291908323;-10.9386923855;56.4982317195;66.9999919597;-47.0184908326;1848.71111111;66.9999903424;-47.0185118076;1848.49652778;
2011.50017123;-46.9470816467;34.0043509899;57.9683048;66.9999903424;-47.0185118076;1848.49652778;66.9999953701;-47.0185295729;1848.44444444;
2011.51660959;-56.5467957201;-15.7810247462;58.7075876549;66.9999953701;-47.0185295729;1848.44444444;66.9999930368;-47.0185509708;1848.61423611;
2011.53304795;-52.9774139234;-2.34367007947;53.0292294443;66.9999930368;-47.0185509708;1848.61423611;66.9999926903;-47.0185710181;1848.83194444;
2011.5494863;-50.6871343323;-1.50295476057;50.7094119452;66.9999926903;-47.0185710181;1848.83194444;66.9999924681;-47.0185901986;1848.07291667;
2011.56592466;-52.7480200893;6.44861525547;53.1407401346;66.9999924681;-47.0185901986;1848.07291667;66.9999934215;-47.018610159;1848.52291667;
2011.58236301;-55.5686596815;4.28342095723;55.7335054872;66.9999934215;-47.018610159;1848.52291667;66.9999940549;-47.0186311868;1848.53888889;
2011.59880137;-45.7670663501;2.61138375113;45.8415061641;66.9999940549;-47.0186311868;1848.53888889;66.999994441;-47.0186485056;1848.01597222;
2011.61523973;-63.50572615;-4.48538051009;63.6639292862;66.999994441;-47.0186485056;1848.01597222;66.9999937778;-47.0186725368;1847.52048611;
2011.63167808;-45.3101119043;7.20009249169;45.8786178156;66.9999937778;-47.0186725368;1847.52048611;66.9999948424;-47.0186896826;1847.92951389;
2011.64811644;-55.427349109;19.9329371775;58.9025722169;66.9999948424;-47.0186896826;1847.92951389;66.9999977896;-47.0187106569;1848.48958333;
2011.66455479;-59.5417714634;-5.12883308802;59.7622579714;66.9999977896;-47.0187106569;1848.48958333;66.9999970312;-47.0187331882;1847.03333333;
2011.68099315;-45.0348317914;9.92889471705;46.1163639588;66.9999970312;-47.0187331882;1847.03333333;66.9999984993;-47.0187502299;1846.51597222;
2011.69743151;-67.0842777922;3.94525625852;67.2001887932;66.9999984993;-47.0187502299;1846.51597222;66.9999990826;-47.0187756153;1846.65486111;
2011.71386986;-39.072392926;0.751477332252;39.0796188203;66.9999990826;-47.0187756153;1846.65486111;66.9999991938;-47.0187904007;1846.55833333;
2011.73030822;-47.2333495437;7.07328077778;47.7600315125;66.9999991938;-47.0187904007;1846.55833333;67.0000002396;-47.0188082743;1846.22673611;
2011.74674658;-58.6498777426;34.206310351;67.8960958159;67.0000002396;-47.0188082743;1846.22673611;67.0000052972;-47.0188304681;1846.59618056;
2011.76318493;-48.9675634751;-8.50578441521;49.7008112731;67.0000052972;-47.0188304681;1846.59618056;67.0000040396;-47.0188489979;1846.77152778;
2011.77962329;-55.6530528066;5.06777539694;55.8833126628;67.0000040396;-47.0188489979;1846.77152778;67.0000047889;-47.0188700576;1847.15798611;
2011.79606164;-43.9172051988;33.8540554077;55.4510412888;67.0000047889;-47.0188700576;1847.15798611;67.0000097944;-47.0188866764;1847.85590278;
2011.8125;-62.7661169138;-18.1199980137;65.3293177712;67.0000097944;-47.0188866764;1847.85590278;67.0000071153;-47.0189104278;1845.61215278;
2011.82893836;-35.8828728936;41.3406485307;54.7414814198;67.0000071153;-47.0189104278;1845.61215278;67.0000132278;-47.0189240063;1846.10486111;
2011.84537671;-70.9986312983;-8.59502240212;71.5169913819;67.0000132278;-47.0189240063;1846.10486111;67.0000119569;-47.0189508729;1845.78125;
2011.86181507;-39.9293915505;46.6714412677;61.4213296795;67.0000119569;-47.0189508729;1845.78125;67.0000188576;-47.0189659826;1847.91041667;
2011.87825342;-51.5404285226;-13.352813492;53.2420266372;67.0000188576;-47.0189659826;1847.91041667;67.0000168833;-47.0189854861;1846.253125;
2011.89469178;-55.451155944;-27.3255956938;61.8184347549;67.0000168833;-47.0189854861;1846.253125;67.0000128431;-47.0190064694;1845.20590278;
2011.91113014;-46.9140053234;16.1238862564;49.6074954366;67.0000128431;-47.0190064694;1845.20590278;67.0000152271;-47.0190242222;1845.75416667;
2011.92756849;-54.2142626812;6.15741761984;54.5628084853;67.0000152271;-47.0190242222;1845.75416667;67.0000161375;-47.0190447375;1844.97013889;
2011.94400685;-49.4740454869;-2.36245694316;49.5304187308;67.0000161375;-47.0190447375;1844.97013889;67.0000157882;-47.019063459;1844.02395833;
2011.96044521;-43.4290331059;-17.0491427499;46.6556983125;67.0000157882;-47.019063459;1844.02395833;67.0000132674;-47.0190798931;1843.57777778;
2011.97688356;-59.1398337779;18.6836060369;62.0209406074;67.0000132674;-47.0190798931;1843.57777778;67.0000160299;-47.0191022722;1843.37256944;
2011.99331796;-52.1399494998;6.9169230108;52.5967504489;67.0000160299;-47.0191022722;1843.37256944;67.0000170521;-47.0191219931;1843.79965278;
2012.00973175;-58.2416189703;-24.8375320111;63.3165790033;67.0000170521;-47.0191219931;1843.79965278;67.0000133889;-47.0191439771;1842.98958333;
2012.02612705;-42.0445884371;19.6908429421;46.4271118272;67.0000133889;-47.0191439771;1842.98958333;67.0000162924;-47.0191598438;1843.90138889;
2012.04252049;-56.2379426544;0.188384019468;56.2382581749;67.0000162924;-47.0191598438;1843.90138889;67.0000163201;-47.0191810667;1843.684375;
2012.05891393;-56.6446237895;7.13504597827;57.0922261378;67.0000163201;-47.0191810667;1843.684375;67.0000173722;-47.0192024431;1844.51666667;
2012.07530738;-47.7546803233;-7.22923803609;48.2987719861;67.0000173722;-47.0192024431;1844.51666667;67.0000163062;-47.0192204646;1844.053125;
2012.09170082;-50.932684621;16.243415011;53.4601430407;67.0000163062;-47.0192204646;1844.053125;67.0000187014;-47.0192396854;1843.20625;
2012.10809426;-50.0880340659;13.2716563737;51.8164840518;67.0000187014;-47.0192396854;1843.20625;67.0000206583;-47.0192585875;1844.87951389;
2012.1244877;-57.3530854315;-16.6390213845;59.7179490702;67.0000206583;-47.0192585875;1844.87951389;67.0000182049;-47.0192802313;1844.30868056;
2012.14088115;-40.6718009949;-0.838308968561;40.6804395023;67.0000182049;-47.0192802313;1844.30868056;67.0000180813;-47.0192955799;1844.51631944;
2012.15831815;-47.9082079016;-2.02619241755;47.9510358601;67.0000180813;-47.0192955799;1844.51631944;67.0000177444;-47.0193159611;1844.37604167;
2012.17607772;-48.3562648091;-2.02548518831;48.3986666814;67.0000177444;-47.0193159611;1844.37604167;67.000017434;-47.0193349278;1844.13819444;
2012.19279372;-53.4353359347;30.2403500574;61.3988102332;67.000017434;-47.0193349278;1844.13819444;67.0000218931;-47.0193550931;1844.29027778;
2012.20918716;-56.7771042622;-45.6030694612;72.8236191951;67.0000218931;-47.0193550931;1844.29027778;67.0000151687;-47.0193765194;1843.90173611;
2012.2255806;-66.5687532606;49.6486170196;83.044470512;67.0000151687;-47.0193765194;1843.90173611;67.0000224896;-47.019401641;1846.234375;
2012.24197404;-52.4379439769;-6.64053786655;52.8567376186;67.0000224896;-47.019401641;1846.234375;67.0000215104;-47.0194214299;1847.35798611;
2012.25836749;-55.7134774934;17.9106137807;58.5216341229;67.0000215104;-47.0194214299;1847.35798611;67.0000241514;-47.0194424549;1847.63263889;
2012.27476093;-48.4208143307;-12.06128895;49.9004003149;67.0000241514;-47.0194424549;1847.63263889;67.0000223729;-47.0194607278;1845.76736111;
2012.29115437;-38.0863325091;5.6562311314;38.5040475094;67.0000223729;-47.0194607278;1845.76736111;67.0000232069;-47.0194751007;1845.83194444;
2012.30754781;-56.8378272964;-9.16959371622;57.5727371305;67.0000232069;-47.0194751007;1845.83194444;67.0000218549;-47.01949655;1845.64756944;
2012.32394126;-64.8978459313;12.3250265;66.0578283381;67.0000218549;-47.01949655;1845.64756944;67.0000236722;-47.019521041;1847.13784722;
2012.3403347;-46.9633879332;17.4349440041;50.0952800031;67.0000236722;-47.019521041;1847.13784722;67.0000262431;-47.0195387639;1847.90034722;
2012.35672814;-48.9342220077;10.412928514;50.0298627195;67.0000262431;-47.0195387639;1847.90034722;67.0000277785;-47.0195572306;1847.40625;
2012.37312158;-60.805257064;6.14132017204;61.1146062744;67.0000277785;-47.0195572306;1847.40625;67.000028684;-47.0195801771;1848.37361111;
2012.38951503;-41.6599631686;9.73003619074;42.7811422882;67.000028684;-47.0195801771;1848.37361111;67.0000301187;-47.0195958986;1847.56875;
2012.40590847;-61.7603075058;22.2246085689;65.6374040411;67.0000301187;-47.0195958986;1847.56875;67.0000333958;-47.0196192056;1850.09131944;
2012.42230191;-52.879564936;-3.0235639606;52.9659355326;67.0000333958;-47.0196192056;1850.09131944;67.00003295;-47.0196391611;1848.80763889;
2012.67947404;-47.7896163979;-10.314026873;48.889943606;67.00003295;-47.0196391611;1848.80763889;67.000032566;-47.0196417262;1848.21319444;
2012.69586749;-59.8796385588;36.5323772903;70.1440354157;67.000032566;-47.0196417262;1848.21319444;67.0000313522;-47.019666812;1846.79583333;
2012.71226093;-49.7402050604;3.31555920528;49.8505860778;67.0000313522;-47.019666812;1846.79583333;67.0000298314;-47.0196848467;1845.35625;
2012.72865437;-38.5316364517;-9.55578092227;39.698865937;67.0000298314;-47.0196848467;1845.35625;67.0000352182;-47.0197074439;1846.43611111;
2012.74504781;-59.6588053344;-1.99687097261;59.6922151341;67.0000352182;-47.0197074439;1846.43611111;67.0000357071;-47.0197262148;1846.07361111;
2012.76144126;-61.6609276698;2.36421984428;61.7062357998;67.0000357071;-47.0197262148;1846.07361111;67.000034298;-47.0197407557;1847.42083333;
2012.7778347;-34.8586288436;21.2968171254;40.849460517;67.000034298;-47.0197407557;1847.42083333;67.0000340036;-47.0197632696;1845.74027778;
2012.79422814;-68.6407404379;17.2606888314;70.7776986543;67.0000340036;-47.0197632696;1845.74027778;67.0000343522;-47.0197865391;1842.58819444;
2012.81062158;-62.0252689518;42.8715005536;75.3995991254;67.0000343522;-47.0197865391;1842.58819444;67.0000374925;-47.0197996939;1844.375;
2012.82701503;-39.8105476609;-24.400444393;46.6932692327;67.0000374925;-47.0197996939;1844.375;67.0000400376;-47.0198255974;1845.21458333;
2012.84340847;-46.5805926821;-7.5494909753;47.1884141353;67.0000400376;-47.0198255974;1845.21458333;67.0000463592;-47.0198490043;1847.10625;
2012.85980191;-65.8289265691;13.5683613947;67.2127071629;67.0000463592;-47.0198490043;1847.10625;67.0000427612;-47.019864028;1843.53333333;
2012.87619536;-41.6636178912;-12.461604907;43.4873389924;67.0000427612;-47.019864028;1843.53333333;67.000041648;-47.0198816064;1842.44027778;
2012.8925888;-114.052805543;-22.0974494253;116.173747996;67.000041648;-47.0198816064;1842.44027778;67.0000436487;-47.0199064488;1842.44375;
2012.90898224;-143.828852904;-34.3753798968;147.879699996;67.0000436487;-47.0199064488;1842.44375;67.0000418112;-47.0199221717;1841.88541667;
2012.92537568;0.0;0.0;0.0;67.0000418112;-47.0199221717;1841.88541667;67.0000385529;-47.0199652127;1839.69375;
2012.94176913;38.2592925547;68.9014670458;78.8110755404;67.0000385529;-47.0199652127;1839.69375;67.0000334842;-47.0200194905;1837.0;
2012.95816257;-22.0214882816;-1.39404195611;22.0655681801;67.0000334842;-47.0200194905;1837.0;67.0000334842;-47.0200194905;1837.0;
2012.97455601;-62.3785757014;8.54792636511;62.9615259637;67.0000334842;-47.0200194905;1837.0;67.0000436439;-47.0200050523;1842.11666667;
2012.99095171;-61.196917652;1.79857340877;61.2233419245;67.0000436439;-47.0200050523;1842.11666667;67.0000434383;-47.0200133627;1841.11875;
2013.00736644;-56.1479728161;17.7563492533;58.8887322853;67.0000434383;-47.0200133627;1841.11875;67.0000446987;-47.020036903;1840.86736111;
2013.02380137;-42.4930465578;9.55785291127;43.5546961652;67.0000446987;-47.020036903;1840.86736111;67.000044964;-47.0200600036;1840.51458333;
2013.04023973;-54.0398475058;-28.3306968388;61.0158463173;67.000044964;-47.0200600036;1840.51458333;67.0000475883;-47.0200812418;1841.98819444;
2013.05667808;-56.0677048797;21.0742433705;59.8975063263;67.0000475883;-47.0200812418;1841.98819444;67.0000490015;-47.0200973217;1842.82152778;
2013.07311644;-49.8703746267;-20.9474315616;54.0911189978;67.0000490015;-47.0200973217;1842.82152778;67.0000448126;-47.020117771;1841.34652778;
2013.08955479;-54.8436553534;30.5804321188;62.793227032;67.0000448126;-47.020117771;1841.34652778;67.0000479286;-47.0201389877;1841.37013889;
2013.10599315;-45.6054685438;-11.6901698139;47.0799196195;67.0000479286;-47.0201389877;1841.37013889;67.0000448314;-47.0201578592;1840.40555556;
2013.12243151;-47.4608148516;8.79228523895;48.2683460054;67.0000448314;-47.0201578592;1840.40555556;67.0000493529;-47.0201786127;1841.78472222;
2013.13886986;-51.1164436939;2.53623600836;51.1793250151;67.0000493529;-47.0201786127;1841.78472222;67.0000476244;-47.0201958703;1841.92708333;
2013.15530822;-52.3441624267;-14.0244463655;54.1903721708;67.0000476244;-47.0201958703;1841.92708333;67.0000489244;-47.02021383;1841.77291667;
2013.17174658;-55.1501211292;0.338164890811;55.151157885;67.0000489244;-47.02021383;1841.77291667;67.0000492994;-47.0202331731;1840.80486111;
2013.18818493;-67.7704917504;35.0376323333;76.2920391104;67.0000492994;-47.0202331731;1840.80486111;67.0000472258;-47.0202529807;1841.32361111;
2013.20462329;-42.1370177645;-2.72410560566;42.2249809643;67.0000472258;-47.0202529807;1841.32361111;67.0000472758;-47.0202738502;1842.15208333;
2013.22106164;-59.3948261541;-2.30609625611;59.4395781766;67.0000472758;-47.0202738502;1842.15208333;67.0000524564;-47.0202994953;1844.90486111;
2013.2375;-34.0127830336;-26.174895876;42.9184643692;67.0000524564;-47.0202994953;1844.90486111;67.0000520536;-47.0203154405;1843.74166667;
2013.25393836;-69.3542301211;28.3260000263;74.9157627818;67.0000520536;-47.0203154405;1843.74166667;67.0000517126;-47.0203379161;1843.43958333;
2013.27037671;-43.0601020334;6.62239422474;43.5663688226;67.0000517126;-47.0203379161;1843.43958333;67.0000478425;-47.020350787;1842.68819444;
2013.28681507;-48.0480542712;-24.4042275392;53.8904615032;67.0000478425;-47.020350787;1842.68819444;67.0000520307;-47.0203770314;1845.425;
2013.30325342;-78.098745285;17.0068722106;79.9290167429;67.0000520307;-47.0203770314;1845.425;67.0000530099;-47.0203933259;1845.47777778;
2013.31969178;-53.5571950264;22.6993130335;58.1689947592;67.0000530099;-47.0203933259;1845.47777778;67.0000494015;-47.0204115078;1843.23888889;
2013.33613014;-47.464470263;-7.08267411358;47.9900011455;67.0000494015;-47.0204115078;1843.23888889;67.0000519161;-47.0204410613;1843.23813194;
2013.35256849;-68.4806776851;17.4671520999;70.6732241991;67.0000519161;-47.0204410613;1843.23813194;67.0000552724;-47.020461328;1846.06711111;
2013.36900685;-45.7669482234;-2.5174491447;45.8361331253;67.0000552724;-47.020461328;1846.06711111;67.0000542251;-47.0204792891;1846.14582639;
2013.38544521;-48.3728700886;-1.32917550315;48.3911279898;67.0000542251;-47.0204792891;1846.14582639;67.0000568078;-47.020505203;1847.19889583;
2013.40188356;-58.9617191878;5.57971944907;59.2251432984;67.0000568078;-47.020505203;1847.19889583;67.0000564355;-47.0205225217;1845.78138889;
2013.41832192;-53.2929212127;-6.00242561065;53.6298849952;67.0000564355;-47.0205225217;1845.78138889;67.000056239;-47.0205408266;1845.46296528;
2013.43476027;-58.7268193814;25.9400593111;64.200669714;67.000056239;-47.0205408266;1845.46296528;67.000057064;-47.0205631384;1846.14392361;
2013.45119863;-57.0953568755;11.1171683586;58.1676130596;67.000057064;-47.0205631384;1846.14392361;67.0000561765;-47.020583305;1845.54955556;
2013.46763699;-43.8895752102;-4.56992178085;44.1268512044;67.0000561765;-47.020583305;1845.54955556;67.0000600119;-47.020605528;1846.56028472;
2013.48407534;-48.0663900854;-2.05247244383;48.1101912174;67.0000600119;-47.020605528;1846.56028472;67.0000616557;-47.0206271335;1846.52234722;
2013.5005137;-62.3879435737;11.2204963009;63.3889189101;67.0000616557;-47.0206271335;1846.52234722;67.00006098;-47.0206437418;1845.64157639;
2013.51695205;-49.3748531383;-1.23054418082;49.3901848691;67.00006098;-47.0206437418;1845.64157639;67.0000606765;-47.0206619307;1845.14243056;
2013.53339041;-62.2209406412;-2.22625160521;62.2607552997;67.0000606765;-47.0206619307;1845.14243056;67.0000623355;-47.0206855391;1845.51620833;
2013.54982877;-38.0005614366;4.88929961555;38.3138084798;67.0000623355;-47.0206855391;1845.51620833;67.0000621536;-47.0207042231;1844.85277083;
2013.56626712;-53.2029865883;11.2533734085;54.3801084496;67.0000621536;-47.0207042231;1844.85277083;67.0000618244;-47.0207277682;1845.93138194;
2013.58270548;-56.6328879654;-8.87212950535;57.3236310893;67.0000618244;-47.0207277682;1845.93138194;67.0000625474;-47.0207421481;1846.53617361;
2013.59914384;-55.414347929;19.2847877874;58.6741254421;67.0000625474;-47.0207421481;1846.53617361;67.0000642112;-47.0207622807;1845.41327083;
2013.61558219;-50.7383663836;-11.0326268959;51.9239894413;67.0000642112;-47.0207622807;1845.41327083;67.0000628994;-47.0207837113;1845.6100625;
2013.63202055;-54.0141217621;7.22827278713;54.495626221;67.0000628994;-47.0207837113;1845.6100625;67.0000657508;-47.0208046807;1845.88409028;
2013.6484589;-32.300564507;-8.15352937691;33.3137585507;67.0000657508;-47.0208046807;1845.88409028;67.0000641196;-47.0208238807;1845.32282639;
2013.66489726;-69.495490999;22.2625170126;72.9742621266;67.0000641196;-47.0208238807;1845.32282639;67.0000651883;-47.0208443203;1845.07542361;
2013.68133562;-64.5038602857;-4.38674918748;64.6528542308;67.0000651883;-47.0208443203;1845.07542361;67.0000639828;-47.0208565432;1844.11643056;
2013.69777397;-48.2076858563;16.6358302128;50.9973707409;67.0000639828;-47.0208565432;1844.11643056;67.0000672744;-47.0208828411;1844.5976875;
2013.71421233;-50.3841745674;2.25912890482;50.4347966215;67.0000672744;-47.0208828411;1844.5976875;67.0000666258;-47.0209072502;1844.97882639;
2013.73065068;-52.2193286548;13.4843218257;53.9322280298;67.0000666258;-47.0209072502;1844.97882639;67.0000690855;-47.0209254925;1844.63286111;
2013.74708904;-50.9714191935;9.42634428909;51.8357168491;67.0000690855;-47.0209254925;1844.63286111;67.0000694196;-47.0209445585;1844.48179861;
2013.7635274;-62.7457675556;31.0970727915;70.0289888714;67.0000694196;-47.0209445585;1844.48179861;67.0000714133;-47.0209643189;1845.46470833;
2013.77996575;-34.800028246;-11.4788167331;36.6443065088;67.0000714133;-47.0209643189;1845.46470833;67.0000728071;-47.0209836071;1844.17443056;
2013.79640411;-60.3637298532;17.4389716118;62.8322975281;67.0000728071;-47.0209836071;1844.17443056;67.000077405;-47.0210073509;1844.81977083;
2013.81284247;-66.9555969026;5.96485149879;67.2207662109;67.000077405;-47.0210073509;1844.81977083;67.0000757078;-47.0210205196;1845.04961806;
2013.82928082;-50.5731745477;9.97586206833;51.5476847961;67.0000757078;-47.0210205196;1845.04961806;67.0000782862;-47.021043362;1845.17065278;
2013.84571918;-46.4807782652;3.63996857138;46.6230856908;67.0000782862;-47.021043362;1845.17065278;67.0000791682;-47.0210686988;1845.02590278;
2013.86215753;-53.8158872073;8.82516234653;54.5346972702;67.0000791682;-47.0210686988;1845.02590278;67.0000806432;-47.0210878363;1844.86460417;
2013.87859589;-58.9689961794;8.07838153785;59.5197677976;67.0000806432;-47.0210878363;1844.86460417;67.0000811814;-47.0211054252;1843.84322917;
2013.89503425;-52.8267338743;-2.96363878966;52.9098002898;67.0000811814;-47.0211054252;1843.84322917;67.0000824862;-47.0211257898;1844.04331944;
2013.9114726;-53.604839973;-0.309984403158;53.6057362496;67.0000824862;-47.0211257898;1844.04331944;67.0000836807;-47.0211481043;1844.30190278;
2013.92791096;-50.6355613882;-10.1919117689;51.65109043;67.0000836807;-47.0211481043;1844.30190278;67.0000832425;-47.0211680946;1843.867875;
2013.94434932;-52.5533002906;26.080961365;58.6691223486;67.0000832425;-47.0211680946;1843.867875;67.0000831967;-47.0211883793;1843.0793125;
2013.96078767;-41.6322931914;-8.40245637718;42.4717448375;67.0000831967;-47.0211883793;1843.0793125;67.0000816897;-47.0212075405;1842.49425;
2013.97722603;-60.0664136565;3.45679597816;60.1657999863;67.0000816897;-47.0212075405;1842.49425;67.000085546;-47.0212274273;1843.67326389;
2013.99366438;-67.1335888001;3.57891097626;67.2289175055;67.000085546;-47.0212274273;1843.67326389;67.0000843036;-47.0212431814;1842.73572917;
2014.01010274;-36.3048428229;-7.44432287216;37.0602152641;67.0000843036;-47.0212431814;1842.73572917;67.0000848147;-47.0212659113;1842.48304861;
2014.0265411;-54.1535487485;11.0044467927;55.2603356059;67.0000848147;-47.0212659113;1842.48304861;67.0000853439;-47.0212913155;1843.15091667;
2014.04297945;-51.265013443;12.6248196428;52.7966634772;67.0000853439;-47.0212913155;1843.15091667;67.0000842432;-47.0213050536;1842.58289583;
2014.05941781;-49.9822373453;-1.75657828451;50.0130944585;67.0000842432;-47.0213050536;1842.58289583;67.0000858703;-47.021325546;1842.83283333;
2014.07585616;-59.9104177287;9.49679531615;60.6584476697;67.0000858703;-47.021325546;1842.83283333;67.0000877369;-47.0213449453;1842.84956944;
2014.09229452;-49.3876453067;-1.24463442462;49.4033260397;67.0000877369;-47.0213449453;1842.84956944;67.0000874772;-47.0213638592;1843.11602083;
2014.10873288;-47.8644684504;-0.399222485938;47.8661333161;67.0000874772;-47.0213638592;1843.11602083;67.0000888814;-47.02138653;1843.25727778;
2014.12517123;-61.9272484043;-5.61259655645;62.1810689441;67.0000888814;-47.02138653;1843.25727778;67.0000886974;-47.0214052189;1843.65057639;
2014.14160959;-30.8709499487;4.86581594018;31.2520673796;67.0000886974;-47.0214052189;1843.65057639;67.0000886383;-47.0214233314;1844.5194375;
2014.15804795;-63.9459173017;1.48416799306;63.9631385579;67.0000886383;-47.0214233314;1844.5194375;67.0000878085;-47.0214467655;1844.11299306;
2014.1744863;-54.2196042153;-14.3673078761;56.0908639341;67.0000878085;-47.0214467655;1844.11299306;67.0000885279;-47.0214584474;1844.968375;
2014.19092466;-64.0652072485;35.5073052685;73.2469760961;67.0000885279;-47.0214584474;1844.968375;67.0000887474;-47.0214826453;1846.41609028;
2014.20736301;-53.3148668035;-7.97975021559;53.9087324631;67.0000887474;-47.0214826453;1846.41609028;67.000086623;-47.0215031627;1846.24342361;
2014.22380137;-48.0479798609;-1.56401206735;48.0734282371;67.000086623;-47.0215031627;1846.24342361;67.000091873;-47.0215274057;1846.25395833;
2014.24023973;-53.0524429648;22.1310083911;57.4834170604;67.000091873;-47.0215274057;1846.25395833;67.0000906932;-47.0215475807;1846.39843056;
2014.25667808;-54.2801531415;-5.92727777162;54.6028172062;67.0000906932;-47.0215475807;1846.39843056;67.0000904619;-47.0215657627;1846.97220833;
2014.27311644;-51.674237873;5.5985063127;51.97663064;67.0000904619;-47.0215657627;1846.97220833;67.0000937342;-47.0215858384;1848.18427778;
2014.28955479;-39.0685706668;-31.8814271342;50.4259715828;67.0000937342;-47.0215858384;1848.18427778;67.0000928578;-47.0216063786;1846.30647917;
2014.30599315;-75.799171149;12.3524089669;76.7990648001;67.0000928578;-47.0216063786;1846.30647917;67.0000936855;-47.0216259328;1845.191375;
2014.32243151;-59.4167533639;7.36447822109;59.8714132101;67.0000936855;-47.0216259328;1845.191375;67.0000889717;-47.0216407168;1844.71143056;
2014.33886986;-46.266043848;6.27013928232;46.6889864953;67.0000889717;-47.0216407168;1844.71143056;67.000090798;-47.0216694002;1845.46725;
2014.35530822;-59.6938565158;-14.9215222753;61.530547964;67.000090798;-47.0216694002;1845.46725;67.0000918869;-47.0216918842;1844.81464583;
2014.37174658;-44.282245728;15.1375721679;46.7981129732;67.0000918869;-47.0216918842;1844.81464583;67.000092814;-47.0217093918;1845.16204167;
2014.38818493;-61.152803106;-0.493156996273;61.1547915665;67.000092814;-47.0217093918;1845.16204167;67.0000906078;-47.0217319807;1845.51961111;
2014.40462329;-45.4567396877;16.5465923223;48.3746307533;67.0000906078;-47.0217319807;1845.51961111;67.000092846;-47.0217487377;1845.80970139;
2014.42106164;-72.7674792376;8.5903255901;73.2727761746;67.000092846;-47.0217487377;1845.80970139;67.000092773;-47.0217718786;1845.61035417;
2014.4375;-40.17332808;4.93626696698;40.4754619565;67.000092773;-47.0217718786;1845.61035417;67.0000952196;-47.02178908;1844.7924375;
2014.45393836;-55.5280492174;10.0228292274;56.4253609258;67.0000952196;-47.02178908;1844.7924375;67.0000964897;-47.0218166161;1845.57200694;
2014.47037671;-44.2730552259;1.47947118109;44.2977680477;67.0000964897;-47.0218166161;1845.57200694;67.0000972196;-47.0218318182;1847.08041667;
2014.48681507;-60.7692408911;-1.68143063779;60.7924982828;67.0000972196;-47.0218318182;1847.08041667;67.0000987015;-47.0218528307;1844.91925;
2014.50325342;-52.2174306629;20.5669961312;56.1218441865;67.0000987015;-47.0218528307;1844.91925;67.0000989203;-47.0218695842;1845.07565278;
2014.51969178;-55.6693456469;-2.58320335965;55.7292471181;67.0000989203;-47.0218695842;1845.07565278;67.0000986717;-47.02189258;1845.436375;
2014.53613014;-48.1911007183;-12.6107295916;49.8137801143;67.0000986717;-47.02189258;1845.436375;67.0001017126;-47.0219123398;1847.30600694;
2014.55256849;-55.6051204272;4.65446285913;55.7995828141;67.0001017126;-47.0219123398;1847.30600694;67.0001013307;-47.0219334057;1845.40159722;
2014.56900685;-51.9164625212;13.0287389411;53.5263217409;67.0001013307;-47.0219334057;1845.40159722;67.0000994661;-47.0219516418;1844.66903472;
2014.58544521;-49.6977592402;-0.0140902438305;49.6977612376;67.0000994661;-47.0219516418;1844.66903472;67.0001001543;-47.0219726835;1844.28239583;
2014.60188356;-54.4324521504;-0.371041998276;54.4337167505;67.0001001543;-47.0219726835;1844.28239583;67.0001020807;-47.0219923293;1845.33155556;
2014.61832192;-57.3668608204;15.5743683811;59.4433988838;67.0001020807;-47.0219923293;1845.33155556;67.0001020786;-47.0220111356;1845.12795139;
2014.63476027;-54.8214994111;-10.2388789283;55.7694489787;67.0001020786;-47.0220111356;1845.12795139;67.0001020237;-47.0220317335;1844.31370833;
2014.65119863;-50.4006210431;3.76208337717;50.5408337175;67.0001020237;-47.0220317335;1844.31370833;67.0001043265;-47.0220534418;1844.58089583;
