2006.66204338;-88.1037838079;23.7138075624;91.2393631629;67.0509093979;-48.2381758573;1502.88802083;67.0509117354;-48.2381981302;1502.16666667;
2006.67300228;-106.291506338;3.25483637713;106.341329122;67.0509117354;-48.2381981302;1502.16666667;67.0509120562;-48.238225001;1502.584375;
2006.68396119;-84.247019316;22.6887456396;87.2487217232;67.0509120562;-48.238225001;1502.584375;67.0509142927;-48.238246299;1502.06666667;
2006.69492009;-94.272101034;24.7177342632;97.4586857108;67.0509142927;-48.238246299;1502.06666667;67.0509167292;-48.2382701313;1502.175;
2006.705879;-93.8847679025;-2.71588613654;93.9240420852;67.0509167292;-48.2382701313;1502.175;67.0509164615;-48.2382938656;1501.88645833;
2006.7168379;-74.1436266842;-3.44505394821;74.2236200585;67.0509164615;-48.2382938656;1501.88645833;67.0509161219;-48.2383126094;1501.80520833;
2006.7277968;-90.6708083833;40.8968072928;99.467302867;67.0509161219;-48.2383126094;1501.80520833;67.0509201531;-48.2383355312;1502.02291667;
2006.73875571;-96.332309843;22.8472601614;99.0046019969;67.0509201531;-48.2383355312;1502.02291667;67.0509224052;-48.2383598844;1501.93541667;
2006.74971461;-88.297398383;6.07639919841;88.5062324835;67.0509224052;-48.2383598844;1501.93541667;67.0509230042;-48.2383822063;1501.109375;
2006.76067352;-92.6898094721;9.80677943098;93.2071547832;67.0509230042;-48.2383822063;1501.109375;67.0509239708;-48.2384056385;1500.934375;
2006.77163242;-80.8517167887;22.6464750523;83.9634619342;67.0509239708;-48.2384056385;1500.934375;67.0509262031;-48.2384260781;1500.325;
2006.78259132;-72.7838442906;25.6688229831;77.1775645058;67.0509262031;-48.2384260781;1500.325;67.0509287333;-48.2384444781;1500.94895833;
2006.79355023;-102.253379369;12.5966393472;103.026350587;67.0509287333;-48.2384444781;1500.94895833;67.050929975;-48.2384703281;1501.12083333;
2006.80450913;-100.984271935;30.128371459;105.382835154;67.050929975;-48.2384703281;1501.12083333;67.0509329448;-48.2384958573;1501.190625;
2006.81546804;-86.4390320649;4.16365422097;86.5392528324;67.0509329448;-48.2384958573;1501.190625;67.0509333552;-48.2385177094;1499.809375;
2006.82642694;-94.226701837;14.3191663218;95.3084983788;67.0509333552;-48.2385177094;1499.809375;67.0509347667;-48.2385415302;1500.721875;
2006.83738584;-105.323097201;23.3756428638;107.885937375;67.0509347667;-48.2385415302;1500.721875;67.0509370708;-48.2385681563;1499.421875;
2006.84834475;-76.6735263005;13.4314838433;77.8410842267;67.0509370708;-48.2385681563;1499.421875;67.0509383948;-48.2385875396;1500.11770833;
2006.85930365;-88.7917953483;3.23370101158;88.8506597803;67.0509383948;-48.2385875396;1500.11770833;67.0509387135;-48.2386099865;1499.15833333;
2006.87026256;-115.158618278;14.3191663218;116.04544751;67.0509387135;-48.2386099865;1499.15833333;67.050940125;-48.238639099;1498.6;
2006.88122146;-81.1977815129;7.98914374319;81.5898654268;67.050940125;-48.238639099;1498.6;67.0509409125;-48.238659626;1499.04375;
2006.89218037;-90.6418725936;7.21770534464;90.9287871783;67.0509409125;-48.238659626;1499.04375;67.050941624;-48.2386825406;1498.64166667;
2006.90313927;-90.7572427642;38.8678183804;98.7298557672;67.050941624;-48.2386825406;1498.64166667;67.0509454552;-48.2387054844;1499.04583333;
2006.91409817;-96.5217505031;-7.50303191689;96.8129320294;67.0509454552;-48.2387054844;1499.04583333;67.0509447156;-48.2387298854;1498.95104167;
2006.92505708;-97.3952907769;50.6401812022;109.773724623;67.0509447156;-48.2387298854;1498.95104167;67.0509497073;-48.2387545073;1499.43229167;
2006.93601598;-98.2482055048;-8.08425274504;98.5802466387;67.0509497073;-48.2387545073;1499.43229167;67.0509489104;-48.2387793448;1498.88229167;
2006.94697489;-107.960129161;8.62320269755;108.303966285;67.0509489104;-48.2387793448;1498.88229167;67.0509497604;-48.2388066375;1498.98125;
2006.95793379;-89.2326427497;17.1301616036;90.8620215968;67.0509497604;-48.2388066375;1498.98125;67.050951449;-48.2388291958;1499.55833333;
2006.96889269;-96.8760860601;12.1739333303;97.6380084959;67.050951449;-48.2388291958;1499.55833333;67.050952649;-48.2388536865;1498.74166667;
2006.9798516;-91.9603751519;54.1063702288;106.696812967;67.050952649;-48.2388536865;1498.74166667;67.0509579823;-48.2388769344;1499.51979167;
2006.9908105;-96.9419872556;-12.5120980287;97.746107289;67.0509579823;-48.2388769344;1499.51979167;67.050956749;-48.2389014417;1499.090625;
2007.00176941;-87.4319774024;21.4100597599;90.0152283306;67.050956749;-48.2389014417;1499.090625;67.0509588594;-48.2389235448;1500.29270833;
2007.01272831;-87.1806219586;-8.21106436301;87.5664457602;67.0509588594;-48.2389235448;1500.29270833;67.05095805;-48.2389455844;1498.59375;
2007.02368721;-105.862775873;36.1730674653;111.872329579;67.05095805;-48.2389455844;1498.59375;67.0509616156;-48.2389723469;1498.45416667;
2007.03464612;-108.730597903;40.6643189904;116.08587235;67.0509616156;-48.2389723469;1498.45416667;67.050965624;-48.2389998344;1498.35416667;
2007.04560502;-73.0268329112;-0.0422705873227;73.026845145;67.050965624;-48.2389998344;1498.35416667;67.0509656198;-48.2390182958;1499.34479167;
2007.05656393;-102.471608011;50.6507487409;114.306293774;67.0509656198;-48.2390182958;1499.34479167;67.0509706125;-48.239044201;1501.14375;
2007.06752283;-111.408853115;5.88618119504;111.564240155;67.0509706125;-48.239044201;1501.14375;67.0509711927;-48.2390723656;1500.94895833;
2007.07848174;-96.7153094491;2.32488302369;96.7432486683;67.0509711927;-48.2390723656;1500.94895833;67.0509714219;-48.2390968156;1498.9625;
2007.08944064;-93.5013540163;37.5891327895;100.774233347;67.0509714219;-48.2390968156;1498.9625;67.0509751271;-48.2391204531;1499.88333333;
2007.10039954;-103.246213199;21.8010628724;105.522826357;67.0509751271;-48.2391204531;1499.88333333;67.050977276;-48.2391465542;1500.04375;
2007.11135845;-86.0968764649;7.50303177304;86.4231891497;67.050977276;-48.2391465542;1500.04375;67.0509780156;-48.2391683198;1499.846875;
2007.12231735;-77.5139693871;4.16365436523;77.6257139601;67.0509780156;-48.2391683198;1499.846875;67.050978426;-48.2391879156;1499.02708333;
2007.13327626;-118.046867588;25.4680377283;120.762924331;67.050978426;-48.2391879156;1499.02708333;67.0509809365;-48.2392177583;1500.51145833;
2007.14423516;-100.584375862;33.362072327;105.972848114;67.0509809365;-48.2392177583;1500.51145833;67.050984225;-48.2392431865;1499.96145833;
2007.15519406;-103.3121017;-10.5887856569;103.853323198;67.050984225;-48.2392431865;1499.96145833;67.0509831813;-48.2392693042;1499.47395833;
2007.16615297;-81.4778281987;8.91909695299;81.9645458624;67.0509831813;-48.2392693042;1499.47395833;67.0509840604;-48.2392899021;1498.62291667;
2007.17711187;-78.7418449341;24.5380843747;82.4766374703;67.0509840604;-48.2392899021;1498.62291667;67.0509864792;-48.2393098083;1499.76875;
2007.18807078;-105.322872641;15.058901816;106.393975512;67.0509864792;-48.2393098083;1499.76875;67.0509879635;-48.2393364344;1499.0125;
2007.19902968;-90.0442313244;-2.89553616876;90.0907749135;67.0509879635;-48.2393364344;1499.0125;67.0509876781;-48.2393591979;1498.82604167;
2007.20998858;-79.3805031255;46.3814179805;91.9374798998;67.0509876781;-48.2393591979;1498.82604167;67.05099225;-48.2393792656;1499.671875;
2007.22094749;-115.36026622;0.412138190354;115.361002424;67.05099225;-48.2393792656;1499.671875;67.0509922906;-48.2394084292;1498.94583333;
2007.23190639;-81.7167838484;5.68539608558;81.9143240904;67.0509922906;-48.2394084292;1498.94583333;67.050992851;-48.2394290875;1500.37604167;
2007.2428653;-108.248365086;45.1767057371;117.297243297;67.050992851;-48.2394290875;1500.37604167;67.0509973042;-48.2394564531;1501.17395833;
2007.2538242;-98.8784416685;27.8034884347;102.713096516;67.0509973042;-48.2394564531;1501.17395833;67.0510000448;-48.23948145;1500.06979167;
2007.26478311;-95.4584572788;-8.11595564966;95.8028486119;67.0510000448;-48.23948145;1500.06979167;67.0509992448;-48.2395055823;1499.96354167;
2007.27574201;-80.3405301876;-1.09903570294;80.3480470845;67.0509992448;-48.2395055823;1499.96354167;67.0509991365;-48.2395258927;1499.76458333;
2007.28670091;-116.926004344;29.9275860604;120.695281181;67.0509991365;-48.2395258927;1499.76458333;67.0510020865;-48.2395554521;1500.684375;
2007.29765982;-88.2023380072;13.463186748;89.2239307997;67.0510020865;-48.2395554521;1500.684375;67.0510034135;-48.23957775;1500.49791667;
2007.30861872;-82.2359229303;14.0444074321;83.4265689113;67.0510034135;-48.23957775;1500.49791667;67.0510047979;-48.2395985396;1501.12083333;
2007.31957763;-113.242295843;42.8623902513;121.082624954;67.0510047979;-48.2395985396;1501.12083333;67.0510090229;-48.2396271677;1501.70833333;
2007.33053653;-93.1015256413;13.5054573356;94.075987662;67.0510090229;-48.2396271677;1501.70833333;67.0510103542;-48.2396507042;1501.55833333;
2007.34149543;-114.775076507;15.8937463117;115.870312673;67.0510103542;-48.2396507042;1501.55833333;67.0510119208;-48.2396797198;1501.896875;
2007.35245434;-110.26729938;-10.6627592928;110.781639943;67.0510119208;-48.2396797198;1501.896875;67.0510108698;-48.2397075958;1501.80416667;
2007.36341324;-74.3369991822;34.9472200004;82.1419358987;67.0510108698;-48.2397075958;1501.80416667;67.0510143146;-48.2397263885;1501.9125;
2007.37437215;-111.103739264;14.4142753229;112.034870516;67.0510143146;-48.2397263885;1501.9125;67.0510157354;-48.239754476;1501.83645833;
2007.38533105;-77.9217731647;22.6887454954;81.1577593659;67.0510157354;-48.239754476;1501.83645833;67.0510179719;-48.239774175;1501.72395833;
2007.39628995;-86.2533090151;10.3562974987;86.8728163118;67.0510179719;-48.239774175;1501.72395833;67.0510189927;-48.2397959802;1501.96979167;
2007.40724886;-120.008002626;18.6202001319;121.44394817;67.0510189927;-48.2397959802;1501.96979167;67.0510208281;-48.2398263187;1503.30208333;
2007.41820776;-88.7667710078;15.714096136;90.1469492137;67.0510208281;-48.2398263187;1503.30208333;67.0510223771;-48.2398487594;1503.18541667;
2007.42916667;-110.691657812;51.4961607746;122.083977997;67.0510223771;-48.2398487594;1503.18541667;67.0510274531;-48.2398767427;1504.03541667;
2007.44012557;-83.5955882195;9.84905016226;84.1737854611;67.0510274531;-48.2398767427;1504.03541667;67.051028424;-48.239897876;1503.5375;
2007.45108447;-85.1366313335;7.03805516815;85.4270461585;67.051028424;-48.239897876;1503.5375;67.0510291177;-48.239919399;1503.3125;
2007.46204338;-110.394954975;29.1667153457;114.182938164;67.0510291177;-48.239919399;1503.3125;67.0510319927;-48.2399473073;1503.13020833;
2007.47300228;-112.352152971;2.43055956398;112.378440535;67.0510319927;-48.2399473073;1503.13020833;67.0510322323;-48.2399757104;1503.3609375;
2007.48396119;-101.437095138;29.2512565203;105.570451728;67.0510322323;-48.2399757104;1503.3609375;67.0510351156;-48.2400013542;1503.48125;
2007.49492009;-110.774008536;22.6887456387;113.07369343;67.0510351156;-48.2400013542;1503.48125;67.0510373521;-48.2400293583;1503.32291667;
2007.505879;-137.462109776;1.24698268649;137.46776564;67.0510373521;-48.2400293583;1503.32291667;67.051037475;-48.2400641094;1502.90729167;
2007.5168379;-142.542615684;15.2808225799;143.359341603;67.051037475;-48.2400641094;1502.90729167;67.0510389813;-48.2401001448;1503.03072917;
2007.5277968;-168.394266459;42.3445753772;173.63666675;67.0510389813;-48.2401001448;1503.03072917;67.0510431552;-48.2401427156;1503.16354167;
2007.53875571;-188.287733085;44.93364975;193.575058595;67.0510431552;-48.2401427156;1503.16354167;67.0510475844;-48.2401903156;1503.02604167;
2007.54971461;-164.323210446;25.0453315672;166.220895571;67.0510475844;-48.2401903156;1503.02604167;67.0510500531;-48.2402318573;1502.77395833;
2007.56067352;-108.882657857;15.6189874227;109.997208829;67.0510500531;-48.2402318573;1502.77395833;67.0510515927;-48.2402593833;1503.06666667;
2007.57163242;-107.864902068;34.7992730161;113.339430476;67.0510515927;-48.2402593833;1503.06666667;67.0510550229;-48.2402866521;1503.009375;
2007.58259132;-83.3070624144;-8.16879377569;83.7066057123;67.0510550229;-48.2402866521;1503.009375;67.0510542177;-48.2403077125;1501.91875;
2007.59355023;-97.3783693877;13.9598662569;98.373902487;67.0510542177;-48.2403077125;1501.91875;67.0510555938;-48.2403323302;1502.68229167;
2007.60450913;-112.146021652;10.9903564527;112.68326454;67.0510555938;-48.2403323302;1502.68229167;67.0510566771;-48.2403606813;1502.77395833;
2007.61546804;-109.789124879;38.2443269651;116.259539336;67.0510566771;-48.2403606813;1502.77395833;67.0510604469;-48.2403884365;1502.45104167;
2007.62642694;-120.020158917;7.58757294737;120.259759728;67.0510604469;-48.2403884365;1502.45104167;67.0510611948;-48.2404187781;1502.23854167;
2007.63738584;-113.99195254;10.4302709905;114.468143153;67.0510611948;-48.2404187781;1502.23854167;67.0510622229;-48.2404475958;1501.93333333;
2007.64834475;-87.5098856184;45.2823824217;98.5315900549;67.0510622229;-48.2404475958;1501.93333333;67.0510666865;-48.2404697187;1502.23958333;
2007.65930365;-78.683890586;4.74487490489;78.8268258628;67.0510666865;-48.2404697187;1502.23958333;67.0510671542;-48.2404896104;1501.80104167;
2007.67026256;-91.7992440304;22.5196631447;94.5210898832;67.0510671542;-48.2404896104;1501.80104167;67.051069374;-48.2405128177;1500.85052083;
2007.68122146;-49.2062692449;3.86776010979;49.3580439368;67.051069374;-48.2405128177;1500.85052083;67.0510697552;-48.2405252573;1499.6828125;
2007.69218037;-68.8772385863;3.29710696459;68.9561085735;67.0510697552;-48.2405252573;1499.6828125;67.0510700802;-48.2405426698;1498.67864583;
2007.70313927;-78.4696168888;23.2065603704;81.8292442767;67.0510700802;-48.2405426698;1498.67864583;67.0510723677;-48.2405625073;1499.82760417;
2007.71409817;-76.8379161433;-16.0945315655;78.5054093904;67.0510723677;-48.2405625073;1499.82760417;67.0510707813;-48.2405819323;1498.69375;
2007.72505708;-86.0470993937;22.0758216188;88.8338067079;67.0510707813;-48.2405819323;1498.69375;67.0510729573;-48.2406036854;1498.68645833;
2007.73601598;-72.8328492994;42.2071960757;84.1788057508;67.0510729573;-48.2406036854;1498.68645833;67.0510771177;-48.2406220979;1498.13333333;
2007.74697489;-94.5557784211;-28.5960620558;98.7852721711;67.0510771177;-48.2406220979;1498.13333333;67.051074299;-48.2406460021;1497.80260417;
2007.75793379;-81.3745112784;51.6229723946;96.367745458;67.051074299;-48.2406460021;1497.80260417;67.0510793875;-48.240666574;1498.6265625;
2007.76889269;-106.884114678;13.9492985746;107.790523244;67.0510793875;-48.240666574;1498.6265625;67.0510807625;-48.2406935948;1499.17291667;
2007.7798516;-65.8322051893;22.0969571287;69.4417364013;67.0510807625;-48.2406935948;1499.17291667;67.0510829406;-48.2407102375;1498.62760417;
2007.7908105;-91.3830203204;10.0709709257;91.9362869506;67.0510829406;-48.2407102375;1498.62760417;67.0510839333;-48.2407333396;1498.78177083;
2007.80176941;-80.9871580247;-9.0776117634;81.4943114594;67.0510839333;-48.2407333396;1498.78177083;67.0510830385;-48.2407538135;1496.92552083;
2007.81272831;-110.831475829;52.2253285883;122.519798321;67.0510830385;-48.2407538135;1496.92552083;67.0510881865;-48.2407818323;1497.8171875;
2007.82368721;-77.2993547951;-6.09753427582;77.5394749529;67.0510881865;-48.2407818323;1497.8171875;67.0510875854;-48.240801374;1497.03177083;
2007.83464612;-90.8967915213;31.3013806543;96.1353376221;67.0510875854;-48.240801374;1497.03177083;67.0510906708;-48.2408243531;1497.19739583;
2007.84560502;-100.015300966;27.5075941793;103.729109535;67.0510906708;-48.2408243531;1497.19739583;67.0510933823;-48.2408496375;1498.3;
2007.85656393;-83.3069307775;10.8107064206;84.0054527331;67.0510933823;-48.2408496375;1498.3;67.0510944479;-48.2408706979;1497.73385417;
2007.86752283;-102.850143744;17.5528673334;104.337218766;67.0510944479;-48.2408706979;1497.73385417;67.0510961781;-48.240896699;1498.02083333;
2007.87848174;-73.03468082;18.2608999226;75.2829666556;67.0510961781;-48.240896699;1498.02083333;67.0510979781;-48.2409151625;1497.90677083;
2007.88944064;-82.4951896453;8.10538796679;82.8924220222;67.0510979781;-48.2409151625;1497.90677083;67.0510987771;-48.2409360177;1497.446875;
2007.90039954;-99.8957750247;1.82820365867;99.9125027031;67.0510987771;-48.2409360177;1497.446875;67.0510989573;-48.2409612719;1497.1921875;
2007.91135845;-117.296362306;47.364209316;126.498240835;67.0510989573;-48.2409612719;1497.1921875;67.051103626;-48.240990925;1497.6265625;
2007.92231735;-91.8567921091;1.36322690968;91.866907231;67.051103626;-48.240990925;1497.6265625;67.0511037604;-48.2410141469;1496.7109375;
2007.93327626;-72.3300640922;21.1458686977;75.3577198073;67.0511037604;-48.2410141469;1496.7109375;67.0511058448;-48.2410324323;1497.43958333;
2007.94423516;-102.314439349;18.894958877;104.044528786;67.0511058448;-48.2410324323;1497.43958333;67.0511077073;-48.2410582979;1497.23645833;
2007.95519406;-82.1943650171;-7.59814063024;82.5448083261;67.0511077073;-48.2410582979;1497.23645833;67.0511069583;-48.2410790771;1496.69166667;
2007.96615297;-86.0304893598;23.3967780854;89.1552260065;67.0511069583;-48.2410790771;1496.69166667;67.0511092646;-48.241100826;1496.984375;
2007.97711187;-84.7201840608;3.79378647384;84.8050847715;67.0511092646;-48.241100826;1496.984375;67.0511096385;-48.2411222437;1496.16145833;
2007.98807078;-131.894997833;18.6096325928;133.201384672;67.0511096385;-48.2411222437;1496.16145833;67.0511114729;-48.2411555875;1496.48958333;
2007.99902346;-67.9447234694;8.27329179258;68.4465689747;67.0511114729;-48.2411555875;1496.48958333;67.0511122875;-48.2411727448;1495.79322917;
2008.00996123;-74.3825491695;26.8938903531;79.0951639437;67.0511122875;-48.2411727448;1495.79322917;67.0511149312;-48.2411914979;1496.40885417;
2008.02089026;-106.949546223;-12.7265201181;107.704084192;67.0511149312;-48.2411914979;1496.40885417;67.0511136802;-48.2412184615;1495.63125;
2008.03181922;-83.5474941899;36.9079680053;91.3366404446;67.0511136802;-48.2412184615;1495.63125;67.0511173083;-48.241239525;1495.72916667;
2008.04274818;-93.1372005138;4.98040332801;93.270266092;67.0511173083;-48.241239525;1495.72916667;67.0511177979;-48.2412630062;1496.0515625;
2008.05367714;-93.0132471158;8.0428217145;93.3603294775;67.0511177979;-48.2412630062;1496.0515625;67.0511185885;-48.2412864563;1495.80625;
2008.0646061;-105.292711079;35.8695009144;111.234779194;67.0511185885;-48.2412864563;1495.80625;67.0511221146;-48.2413130021;1495.35104167;
2008.07553506;-120.658554156;16.2339956029;121.745756822;67.0511221146;-48.2413130021;1495.35104167;67.0511237104;-48.2413434219;1495.44479167;
2008.08646403;-66.3388562027;22.6343438859;70.0939181772;67.0511237104;-48.2413434219;1495.44479167;67.0511259354;-48.2413601469;1495.275;
2008.09739299;-81.6272364375;22.4594999064;84.6607043702;67.0511259354;-48.2413601469;1495.275;67.0511281432;-48.2413807263;1495.89661458;
2008.10832195;-88.892852876;20.9229925407;91.3220176589;67.0511281432;-48.2413807263;1495.89661458;67.0511302;-48.2414031375;1496.7359375;
2008.11925091;-115.12201401;-22.0833205779;117.220950165;67.0511302;-48.2414031375;1496.7359375;67.0511280292;-48.2414321615;1495.68854167;
2008.13017987;-76.5111311286;35.0853523495;84.1720567413;67.0511280292;-48.2414321615;1495.68854167;67.0511314781;-48.241451451;1495.63958333;
2008.14110883;-87.5221437969;15.5028300716;88.8845509357;67.0511314781;-48.241451451;1495.63958333;67.0511330021;-48.2414735167;1495.61145833;
2008.1520378;-99.2851335793;15.1955286555;100.44123576;67.0511330021;-48.2414735167;1495.61145833;67.0511344958;-48.2414985479;1495.24427083;
2008.16296676;-96.8763372312;7.37523556213;97.1566714895;67.0511344958;-48.2414985479;1495.24427083;67.0511352208;-48.2415229719;1494.7875;
2008.17389572;-88.4104491214;22.7826963473;91.2987336534;67.0511352208;-48.2415229719;1494.7875;67.0511374604;-48.2415452615;1495.20572917;
2008.18482468;-101.288997191;14.5491357739;102.328580092;67.0511374604;-48.2415452615;1495.20572917;67.0511388906;-48.2415707979;1494.66979167;
2008.19575364;-83.5350121877;19.4553630871;85.7706792211;67.0511388906;-48.2415707979;1494.66979167;67.0511408031;-48.2415918583;1494.9484375;
2008.2066826;-107.941043699;26.7670188376;111.210351192;67.0511408031;-48.2415918583;1494.9484375;67.0511434344;-48.2416190719;1495.26041667;
2008.21761157;-92.9635682737;32.6905201147;98.5438741452;67.0511434344;-48.2416190719;1495.26041667;67.0511466479;-48.2416425094;1497.12135417;
2008.22854053;-109.585439701;6.81361576372;109.79705804;67.0511466479;-48.2416425094;1497.12135417;67.0511473177;-48.2416701375;1495.165625;
2008.23946949;-68.7310537652;9.78066443178;69.4234769253;67.0511473177;-48.2416701375;1495.165625;67.0511482792;-48.2416874656;1495.846875;
2008.25039845;-102.301221728;7.19509333779;102.553933787;67.0511482792;-48.2416874656;1495.846875;67.0511489865;-48.2417132573;1496.01822917;
2008.26132741;-89.6333861517;19.3493968774;91.6981083367;67.0511489865;-48.2417132573;1496.01822917;67.0511508885;-48.2417358552;1495.33802083;
2008.27225638;-93.3643158498;-6.81361547445;93.6126104215;67.0511508885;-48.2417358552;1495.33802083;67.0511502188;-48.2417593938;1494.9078125;
2008.28318534;-109.068959416;41.3479445182;116.643432837;67.0511502188;-48.2417593938;1494.9078125;67.0511542833;-48.2417868917;1496.99375;
2008.2941143;-74.5691435129;24.5417324801;78.5038457489;67.0511542833;-48.2417868917;1496.99375;67.0511566958;-48.2418056917;1496.37083333;
2008.30504326;-106.069307538;28.9923056273;109.960228207;67.0511566958;-48.2418056917;1496.37083333;67.0511595458;-48.2418324333;1496.34010417;
2008.31597222;-98.2355702176;8.65742440091;98.6163183922;67.0511595458;-48.2418324333;1496.34010417;67.0511603969;-48.2418572;1496.65208333;
2008.32690118;-89.592026813;11.2218025132;90.292082267;67.0511603969;-48.2418572;1496.65208333;67.0511615;-48.2418797875;1497.559375;
2008.33783015;-101.549194656;-4.72608480033;101.65911082;67.0511615;-48.2418797875;1497.559375;67.0511610354;-48.2419053896;1497.01145833;
2008.34875911;-92.3850611901;9.98200007145;92.9227628546;67.0511610354;-48.2419053896;1497.01145833;67.0511620167;-48.2419286812;1496.95989583;
2008.35968807;-97.4794571519;31.8110018317;102.538697106;67.0511620167;-48.2419286812;1496.95989583;67.0511651437;-48.2419532573;1497.82395833;
2008.37061703;-83.2580971891;28.0174182036;87.8458107729;67.0511651437;-48.2419532573;1497.82395833;67.0511678979;-48.2419742479;1498.3625;
2008.38154599;-113.956692861;20.133545442;115.721594786;67.0511678979;-48.2419742479;1498.3625;67.0511698771;-48.2420029781;1497.37395833;
2008.39247495;-90.9389291903;33.4004925213;96.8786960221;67.0511698771;-48.2420029781;1497.37395833;67.0511731604;-48.2420259052;1498.340625;
2008.40340392;-99.925384098;5.74335876543;100.090302013;67.0511731604;-48.2420259052;1498.340625;67.051173725;-48.2420510979;1498.24895833;
2008.41433288;-80.8740717008;-4.46116978218;80.9970216076;67.051173725;-48.2420510979;1498.24895833;67.0511732865;-48.2420714875;1498.09739583;
2008.42526184;-104.168648809;50.4292331782;115.733378736;67.0511732865;-48.2420714875;1498.09739583;67.0511782437;-48.24209775;1498.48958333;
2008.4361908;-101.755709939;20.2183185254;103.744903052;67.0511782437;-48.24209775;1498.48958333;67.0511802313;-48.2421234042;1499.07291667;
2008.44711976;-92.0337929132;7.84148621994;92.3672449742;67.0511802313;-48.2421234042;1499.07291667;67.0511810021;-48.2421466073;1499.7953125;
2008.45804872;-86.910472452;18.5334585515;88.8646122352;67.0511810021;-48.2421466073;1499.7953125;67.051182824;-48.2421685187;1499.77291667;
2008.46897769;-108.887017763;16.4247344623;110.118820097;67.051182824;-48.2421685187;1499.77291667;67.0511844385;-48.2421959708;1499.59010417;
2008.47990665;-101.049161974;13.7120041766;101.975252852;67.0511844385;-48.2421959708;1499.59010417;67.0511857865;-48.2422214469;1499.28177083;
2008.49083561;-78.1264463538;15.6087961364;79.6704219689;67.0511857865;-48.2422214469;1499.28177083;67.0511873208;-48.2422411437;1499.28385417;
2008.50176457;-91.0132345518;28.5578447306;95.3884655461;67.0511873208;-48.2422411437;1499.28385417;67.0511901281;-48.2422640896;1499.603125;
2008.51269353;-106.69718066;-12.1013203623;107.38123819;67.0511901281;-48.2422640896;1499.603125;67.0511889385;-48.2422909896;1499.35364583;
2008.5236225;-115.353110845;39.8750166741;122.050633494;67.0511889385;-48.2422909896;1499.35364583;67.0511928583;-48.2423200719;1499.665625;
2008.53455146;-111.5601863;13.6484246537;112.391968854;67.0511928583;-48.2423200719;1499.665625;67.0511942;-48.2423481979;1499.37239583;
2008.54548042;-127.574670656;24.0860784572;129.828485967;67.0511942;-48.2423481979;1499.37239583;67.0511965677;-48.2423803615;1498.878125;
2008.55640938;-130.574276093;2.33125271077;130.595085346;67.0511965677;-48.2423803615;1498.878125;67.0511967969;-48.2424132813;1498.4;
2008.56733834;-91.4883450188;40.1929148688;99.9279124165;67.0511967969;-48.2424132813;1498.4;67.0512007479;-48.2424363469;1499.24739583;
2008.5782673;-107.771377149;-0.127159191458;107.771452166;67.0512007479;-48.2424363469;1499.24739583;67.0512007354;-48.2424635177;1499.1625;
2008.58919627;-135.548825723;12.2284796986;136.099301507;67.0512007354;-48.2424635177;1499.1625;67.0512019375;-48.2424976917;1499.03854167;
2008.60012523;-109.37034138;36.886774879;115.423159438;67.0512019375;-48.2424976917;1499.03854167;67.0512055635;-48.2425252656;1498.71041667;
2008.61105419;-110.742050541;22.6343438859;113.031479161;67.0512055635;-48.2425252656;1498.71041667;67.0512077885;-48.2425531854;1498.7625;
2008.62198315;-75.0606517477;7.22688309982;75.4077534484;67.0512077885;-48.2425531854;1498.7625;67.051208499;-48.2425721094;1498.48854167;
2008.63291211;-125.145154081;5.98708065759;125.288286462;67.051208499;-48.2425721094;1498.48854167;67.0512090875;-48.2426036604;1497.5171875;
2008.64384107;-98.3593207183;27.0637239063;102.014710331;67.0512090875;-48.2426036604;1497.5171875;67.0512117479;-48.2426284583;1497.21041667;
2008.65477004;-91.2114645668;17.028740947;92.7874414275;67.0512117479;-48.2426284583;1497.21041667;67.0512134219;-48.2426514542;1497.17291667;
2008.665699;-104.982421856;17.2724626938;106.393829079;67.0512134219;-48.2426514542;1497.17291667;67.0512151198;-48.2426779219;1498.29892708;
2008.67662796;-83.348823089;-14.6233119328;84.6219094691;67.0512151198;-48.2426779219;1498.29892708;67.0512136823;-48.2426989354;1498.51684375;
2008.68755692;-99.7268955342;15.7359551833;100.960754645;67.0512136823;-48.2426989354;1498.51684375;67.0512152292;-48.2427240781;1498.754125;
2008.69848588;-78.4692828027;29.6069087461;83.8689298196;67.0512152292;-48.2427240781;1498.754125;67.0512181396;-48.2427438615;1498.393625;
2008.70941485;-115.270337912;4.80026110377;115.370244469;67.0512181396;-48.2427438615;1498.393625;67.0512186115;-48.2427729229;1498.05452083;
2008.72034381;-87.4557222515;15.9584840936;88.8998119745;67.0512186115;-48.2427729229;1498.05452083;67.0512201802;-48.2427949719;1498.34317708;
2008.73127277;-80.4400882453;29.9354031446;85.8296927546;67.0512201802;-48.2427949719;1498.34317708;67.0512231229;-48.2428152521;1498.47936458;
2008.74220173;-83.3529273612;23.9801125371;86.7338244111;67.0512231229;-48.2428152521;1498.47936458;67.0512254802;-48.2428362667;1498.25245833;
2008.75313069;-121.41000944;4.37639684331;121.488860565;67.0512254802;-48.2428362667;1498.25245833;67.0512259104;-48.242866876;1498.04953125;
2008.76405965;-97.9791361473;10.0243863236;98.4906058533;67.0512259104;-48.242866876;1498.04953125;67.0512268958;-48.2428915781;1498.23888542;
2008.77498862;-85.7906173627;41.4009276927;95.2578964773;67.0512268958;-48.2428915781;1498.23888542;67.0512309656;-48.2429132073;1498.19896875;
2008.78591758;-95.1530333836;21.447524332;97.5402279168;67.0512309656;-48.2429132073;1498.19896875;67.051233074;-48.2429371969;1498.06841667;
2008.79684654;-94.1407588849;-10.0879659918;94.6797208555;67.051233074;-48.2429371969;1498.06841667;67.0512320823;-48.2429609312;1497.73155208;
2008.8077755;-91.0254616779;23.9695159017;94.1284886006;67.0512320823;-48.2429609312;1497.73155208;67.0512344385;-48.2429838802;1498.23564583;
2008.81870446;-93.2111214443;59.3621696667;110.508734263;67.0512344385;-48.2429838802;1498.23564583;67.051240274;-48.2430073802;1498.97776042;
2008.82963342;-103.932854396;1.02787045622;103.937936965;67.051240274;-48.2430073802;1498.97776042;67.051240375;-48.2430335833;1497.74990625;
2008.84056239;-112.113615286;5.76455189208;112.261715607;67.051240375;-48.2430335833;1497.74990625;67.0512409417;-48.243061849;1497.86638542;
2008.85149135;-73.6970890027;38.719987171;83.2496146177;67.0512409417;-48.243061849;1497.86638542;67.0512447479;-48.2430804292;1498.28266667;
2008.86242031;-90.7775123412;-3.03062848051;90.8280873731;67.0512447479;-48.2430804292;1498.28266667;67.05124445;-48.2431033156;1497.85584375;
2008.87334927;-104.821151366;20.3560743523;106.779415323;67.05124445;-48.2431033156;1497.85584375;67.051246451;-48.2431297427;1497.71714583;
2008.88427823;-94.0456779704;33.8137597122;99.9397813225;67.051246451;-48.2431297427;1497.71714583;67.051249775;-48.2431534531;1498.31158333;
2008.89520719;-100.99517785;35.1171422565;106.926328045;67.051249775;-48.2431534531;1498.31158333;67.0512532271;-48.2431789156;1498.87057292;
2008.90613616;-89.8024004873;-10.3952674071;90.4020614684;67.0512532271;-48.2431789156;1498.87057292;67.0512522052;-48.2432015563;1498.15708333;
2008.91706512;-94.4133766068;5.43605706127;94.5697435688;67.0512522052;-48.2432015563;1498.15708333;67.0512527396;-48.2432253594;1497.72846875;
2008.92799408;-109.068498556;9.00711264742;109.439780042;67.0512527396;-48.2432253594;1497.72846875;67.051253625;-48.2432528573;1497.99004167;
2008.93892304;-72.5112538708;30.7619382505;78.7666095681;67.051253625;-48.2432528573;1497.99004167;67.051256649;-48.2432711385;1497.99172917;
2008.949852;-103.870808796;13.2033672662;104.706608326;67.051256649;-48.2432711385;1497.99172917;67.0512579469;-48.243297326;1497.768875;
2008.96078097;-106.114313522;21.129626281;108.197544524;67.0512579469;-48.243297326;1497.768875;67.051260024;-48.2433240792;1497.73719792;
2008.97170993;-87.7117380038;10.0031931973;88.2803084374;67.051260024;-48.2433240792;1497.73719792;67.0512610073;-48.2433461927;1497.65864583;
2008.98263889;-99.2267659359;10.5754097757;99.7887286723;67.0512610073;-48.2433461927;1497.65864583;67.0512620469;-48.2433712094;1497.67285417;
2008.99356912;-90.405290669;27.2163618439;94.4131713956;67.0512620469;-48.2433712094;1497.67285417;67.0512647229;-48.2433940073;1498.08579167;
2009.00451173;-113.636844709;19.8977331671;115.36573261;67.0512647229;-48.2433940073;1498.08579167;67.0512666833;-48.2434227219;1498.06179167;
2009.01546804;-86.1411738744;11.2439799767;86.871911008;67.0512666833;-48.2434227219;1498.06179167;67.0512677917;-48.243444499;1497.71034375;
2009.02642694;-93.8628073725;0.0845411746489;93.8628454451;67.0512677917;-48.243444499;1497.71034375;67.0512678;-48.2434682281;1497.43155208;
2009.03738584;-97.3363080408;29.5577184586;101.725196404;67.0512678;-48.2434682281;1497.43155208;67.0512707135;-48.2434928354;1497.10619792;
2009.04834475;-104.382186681;3.60356890282;104.444370863;67.0512707135;-48.2434928354;1497.10619792;67.0512710688;-48.243519224;1497.78926042;
2009.05930365;-87.2207039903;35.116302349;94.0244962509;67.0512710688;-48.243519224;1497.78926042;67.0512745302;-48.243541274;1497.36178125;
2009.07026256;-112.25626048;-9.43691182773;112.652222889;67.0512745302;-48.243541274;1497.36178125;67.0512736;-48.2435696531;1497.33209375;
2009.08122146;-90.4840542568;45.2084086416;101.149217924;67.0512736;-48.2435696531;1497.33209375;67.0512780562;-48.2435925281;1497.58734375;
2009.09218037;-88.7287462329;13.8119191292;89.7973246711;67.0512780562;-48.2435925281;1497.58734375;67.0512794177;-48.2436149594;1498.25758333;
2009.10313927;-86.4748811647;-8.36957917361;86.8789671209;67.0512794177;-48.2436149594;1498.25758333;67.0512785927;-48.2436368208;1497.80261458;
2009.11409817;-109.244227546;42.1754930279;117.102832862;67.0512785927;-48.2436368208;1497.80261458;67.05128275;-48.2436644385;1497.87702083;
2009.12505708;-75.3374237122;-2.69475077085;75.3856026924;67.05128275;-48.2436644385;1497.87702083;67.0512824844;-48.2436834844;1497.6346875;
2009.13601598;-119.940772759;24.8656813909;122.491187769;67.0512824844;-48.2436834844;1497.6346875;67.0512849354;-48.2437138062;1497.96628125;
2009.14697489;-89.2602528412;32.548363485;95.0094137589;67.0512849354;-48.2437138062;1497.96628125;67.0512881438;-48.2437363719;1498.0023125;
2009.15793379;-84.2045092942;-8.49639093558;84.6320745605;67.0512881438;-48.2437363719;1498.0023125;67.0512873063;-48.2437576594;1497.62301042;
2009.16889269;-98.0943835548;34.3131609008;103.922572601;67.0512873063;-48.2437576594;1497.62301042;67.0512906885;-48.2437824583;1498.2466875;
2009.1798516;-83.2774104181;17.3203791752;85.0595239859;67.0512906885;-48.2437824583;1498.2466875;67.0512923958;-48.2438035115;1498.05957292;
2009.1908105;-117.060564172;-10.4514062118;117.52619953;67.0512923958;-48.2438035115;1498.05957292;67.0512913656;-48.2438331052;1497.74544792;
2009.20176941;-95.7951838163;32.4955250699;101.156692275;67.0512913656;-48.2438331052;1497.74544792;67.0512945687;-48.2438573229;1498.0324375;
2009.21272831;-101.452479855;69.7993312875;123.144436808;67.0512945687;-48.2438573229;1498.0324375;67.051301449;-48.2438829708;1498.55625;
2009.22368721;-80.5290677292;-39.4173361582;89.6585586497;67.051301449;-48.2438829708;1498.55625;67.0512975635;-48.2439033292;1497.91652083;
2009.23464612;-90.8630416091;-9.06704408071;91.3143122343;67.0512975635;-48.2439033292;1497.91652083;67.0512966698;-48.2439263;1497.54359375;
2009.24560502;-89.8823899235;52.6691698251;104.177183051;67.0512966698;-48.2439263;1497.54359375;67.0513018615;-48.2439490229;1499.05303125;
2009.25656393;-116.49190352;3.98400418889;116.560009759;67.0513018615;-48.2439490229;1499.05303125;67.0513022542;-48.2439784729;1498.86338542;
2009.26752283;-66.4991087088;-5.86504597358;66.7572484704;67.0513022542;-48.2439784729;1498.86338542;67.051301676;-48.2439952844;1497.61538542;
2009.27848174;-118.848772346;21.6531157456;120.805165906;67.051301676;-48.2439952844;1497.61538542;67.0513038104;-48.2440253302;1497.76655208;
2009.28944064;-94.2623466133;23.1431547047;97.0618132878;67.0513038104;-48.2440253302;1497.76655208;67.0513060917;-48.2440491604;1498.50854167;
2009.30039954;-90.0430505425;7.6509789006;90.367518662;67.0513060917;-48.2440491604;1498.50854167;67.0513068458;-48.244071924;1497.98882292;
2009.31135845;-75.2796632562;11.5187388664;76.1558208218;67.0513068458;-48.244071924;1497.98882292;67.0513079812;-48.2440909552;1497.95923958;
2009.32231735;-119.528607025;41.7210841052;126.600698087;67.0513079812;-48.2440909552;1497.95923958;67.0513120937;-48.2441211729;1498.14010417;
2009.33327626;-105.436830162;-7.894034886;105.731929621;67.0513120937;-48.2441211729;1498.14010417;67.0513113156;-48.2441478281;1498.031375;
2009.34423516;-92.5482323844;18.8738237992;94.4531446924;67.0513113156;-48.2441478281;1498.031375;67.051313176;-48.244171225;1498.08347917;
2009.35519406;-79.8903673321;8.17936131439;80.3079868006;67.051313176;-48.244171225;1498.08347917;67.0513139823;-48.2441914219;1498.32998958;
2009.36615297;-100.694245807;25.9118789683;103.97478834;67.0513139823;-48.2441914219;1498.32998958;67.0513165365;-48.2442168781;1498.771;
2009.37711187;-92.325711081;13.0933188564;93.2495143434;67.0513165365;-48.2442168781;1498.771;67.0513178271;-48.2442402188;1499.135125;
2009.38807078;-112.338467997;29.0082006792;116.023304118;67.0513178271;-48.2442402188;1499.135125;67.0513206865;-48.2442686187;1498.68217708;
2009.39902968;-84.0972661031;12.2479068221;84.9844773329;67.0513206865;-48.2442686187;1498.68217708;67.0513218938;-48.2442898792;1498.44322917;
2009.40998858;-98.1725311984;2.62077727913;98.2075066145;67.0513218938;-48.2442898792;1498.44322917;67.0513221521;-48.2443146979;1498.95290625;
2009.42094749;-93.4258351356;43.6338287934;103.113033541;67.0513221521;-48.2443146979;1498.95290625;67.0513264531;-48.2443383167;1499.23961458;
2009.43190639;-103.269440407;4.90338985966;103.385785068;67.0513264531;-48.2443383167;1499.23961458;67.0513269365;-48.244364424;1498.91032292;
2009.4428653;-98.893579784;18.3243058761;100.576937259;67.0513269365;-48.244364424;1498.91032292;67.0513287427;-48.244389425;1498.99864583;
2009.4538242;-91.6870035663;5.94958729228;91.8798357199;67.0513287427;-48.244389425;1498.99864583;67.0513293292;-48.2444126042;1498.35188542;
2009.46478311;-79.6884148728;19.3388002606;82.001418649;67.0513293292;-48.2444126042;1498.35188542;67.0513312354;-48.24443275;1498.61892708;
2009.47574201;-105.815823142;7.67211426618;106.093589648;67.0513312354;-48.24443275;1498.61892708;67.0513319917;-48.244459501;1498.93479167;
2009.48670091;-85.4899198143;52.9650640827;100.567511668;67.0513319917;-48.244459501;1498.93479167;67.0513372125;-48.2444811135;1498.31997917;
2009.49765982;-94.3652266464;-7.8834672028;94.6939546918;67.0513372125;-48.2444811135;1498.31997917;67.0513364354;-48.2445049698;1498.28171875;
2009.50861872;-82.9393811996;12.4592599029;83.8699833737;67.0513364354;-48.2445049698;1498.28171875;67.0513376635;-48.2445259375;1499.6665;
2009.51957763;-131.9061193;34.7570022854;136.408480369;67.0513376635;-48.2445259375;1499.6665;67.0513410896;-48.2445592844;1498.42401042;
2009.53053653;-80.1581008236;20.1419418523;82.6499785192;67.0513410896;-48.2445592844;1498.42401042;67.051343075;-48.244579549;1498.70761458;
2009.54149543;-146.253292686;4.38557498454;146.319031193;67.051343075;-48.244579549;1498.70761458;67.0513435073;-48.2446165229;1499.05964583;
2009.55245434;-67.6073809223;19.740371056;70.43039262;67.0513435073;-48.2446165229;1499.05964583;67.0513454531;-48.2446336146;1498.60034375;
2009.56341324;-152.915950621;23.3016692274;154.681142171;67.0513454531;-48.2446336146;1498.60034375;67.05134775;-48.2446722729;1498.3880625;
2009.57437215;-186.90091785;37.2404002638;190.574920976;67.05134775;-48.2446722729;1498.3880625;67.0513514208;-48.2447195229;1498.54180208;
2009.58533105;-105.036981453;20.7231625361;107.061743579;67.0513514208;-48.2447195229;1498.54180208;67.0513534635;-48.2447460771;1498.27715625;
2009.59628995;-110.550053897;-0.0845411746454;110.550086222;67.0513534635;-48.2447460771;1498.27715625;67.0513534552;-48.244774025;1497.88767708;
2009.60724886;-94.3816450233;40.3261541477;102.635732694;67.0513534552;-48.244774025;1497.88767708;67.0513574302;-48.2447978854;1498.22570833;
2009.61820776;-107.595716986;8.48582325271;107.929826785;67.0513574302;-48.2447978854;1498.22570833;67.0513582667;-48.2448250865;1498.28107292;
2009.62916667;-88.9921576939;16.4855346784;90.5062262203;67.0513582667;-48.2448250865;1498.28107292;67.0513598917;-48.2448475844;1497.69896875;
2009.64012557;-103.862633954;34.7781376511;109.530660503;67.0513598917;-48.2448475844;1497.69896875;67.0513633198;-48.2448738417;1498.09345833;
2009.65108447;-93.6976222546;10.34572996;94.2670597005;67.0513633198;-48.2448738417;1498.09345833;67.0513643396;-48.2448975292;1498.4125;
2009.66204338;-110.17092871;25.1721433297;113.010045273;67.0513643396;-48.2448975292;1498.4125;67.0513668208;-48.2449253812;1497.94241667;
2009.67300228;-99.000547202;16.4432640908;100.356809835;67.0513668208;-48.2449253812;1497.94241667;67.0513684417;-48.2449504094;1497.52296875;
2009.68396119;-92.2925504936;28.7651445498;96.6713422768;67.0513684417;-48.2449504094;1497.52296875;67.0513712771;-48.2449737417;1497.67766667;
2009.69492009;-93.3432382526;12.4698275855;94.1724839191;67.0513712771;-48.2449737417;1497.67766667;67.0513725063;-48.2449973396;1497.1835625;
2009.705879;-91.6456343453;17.7219498262;93.3433971966;67.0513725063;-48.2449973396;1497.1835625;67.0513742531;-48.2450205083;1496.92485417;
2009.7168379;-96.853795739;2.84269789862;96.8955039225;67.0513742531;-48.2450205083;1496.92485417;67.0513745333;-48.2450449937;1497.10217708;
2009.7277968;-88.0691315865;19.391638675;90.1787535337;67.0513745333;-48.2450449937;1497.10217708;67.0513764448;-48.2450672583;1497.52153125;
2009.73875571;-97.2369829112;28.522088564;101.333806707;67.0513764448;-48.2450672583;1497.52153125;67.0513792563;-48.2450918406;1497.45722917;
2009.74971461;-81.9338607816;16.6123464407;83.6010023674;67.0513792563;-48.2450918406;1497.45722917;67.0513808937;-48.2451125542;1497.29314583;
2009.76067352;-106.207043171;8.01027910927;106.508687864;67.0513808937;-48.2451125542;1497.29314583;67.0513816833;-48.2451394042;1497.01659375;
2009.77163242;-88.8767010069;42.2811695683;98.4213659829;67.0513816833;-48.2451394042;1497.01659375;67.051385851;-48.2451618729;1497.11207292;
2009.78259132;-101.567468925;5.74880175031;101.730032269;67.051385851;-48.2451618729;1497.11207292;67.0513864177;-48.24518755;1497.3609375;
2009.79355023;-93.6027641989;34.6090553004;99.7961130228;67.0513864177;-48.24518755;1497.3609375;67.0513898292;-48.2452112135;1497.16185417;
2009.80450913;-106.886867326;29.6528273155;110.923814281;67.0513898292;-48.2452112135;1497.16185417;67.0513927521;-48.2452382354;1497.26428125;
2009.81546804;-86.0830408104;2.71588599242;86.1258727206;67.0513927521;-48.2452382354;1497.26428125;67.0513930198;-48.2452599979;1497.08641667;
2009.82642694;-100.953501886;12.8713982374;101.770734671;67.0513930198;-48.2452599979;1497.08641667;67.0513942885;-48.2452855198;1496.90970833;
2009.83738584;-90.3641129917;16.8871054749;91.9284898609;67.0513942885;-48.2452855198;1496.90970833;67.0513959531;-48.2453083646;1496.94973958;
2009.84834475;-98.3741302678;19.5501533406;100.297946148;67.0513959531;-48.2453083646;1496.94973958;67.0513978802;-48.2453332344;1497.01389583;
2009.85930365;-93.1247556498;16.9822143325;94.6605288305;67.0513978802;-48.2453332344;1497.01389583;67.0513995542;-48.2453567771;1496.74323958;
2009.87026256;-84.6697257099;26.7150204158;88.7843160001;67.0513995542;-48.2453567771;1496.74323958;67.0514021875;-48.2453781823;1496.95094792;
2009.88122146;-103.85009183;-3.66697471172;103.914812595;67.0514021875;-48.2453781823;1496.95094792;67.051401826;-48.2454044365;1496.96057292;
2009.89218037;-87.8794949434;26.1232319049;91.6800353221;67.051401826;-48.2454044365;1496.96057292;67.051404401;-48.2454266531;1496.98621875;
2009.90313927;-105.94735622;9.17272062111;106.343693247;67.051404401;-48.2454266531;1496.98621875;67.0514053052;-48.2454534375;1496.60932292;
2009.91409817;-103.565772206;25.1721433287;106.580983165;67.0514053052;-48.2454534375;1496.60932292;67.0514077865;-48.2454796198;1496.48930208;
2009.92505708;-94.5297672939;15.4710402947;95.7874208465;67.0514077865;-48.2454796198;1496.48930208;67.0514093115;-48.2455035177;1496.47884375;
2009.93601598;-112.457535449;13.4209160165;113.255544085;67.0514093115;-48.2455035177;1496.47884375;67.0514106344;-48.2455319479;1496.94489583;
2009.94697489;-89.9149307505;43.0526079672;99.690630576;67.0514106344;-48.2455319479;1496.94489583;67.0514148781;-48.2455546792;1497.25840625;
2009.95793379;-86.8617139947;4.85055173343;86.9970413877;67.0514148781;-48.2455546792;1497.25840625;67.0514153563;-48.2455766385;1497.455125;
2009.96889269;-92.3376961568;16.422128726;93.7866538664;67.0514153563;-48.2455766385;1497.455125;67.051416975;-48.2455999823;1496.96033333;
2009.9798516;-95.6628356939;27.1694293377;99.4462469052;67.051416975;-48.2455999823;1496.96033333;67.0514196531;-48.2456241667;1497.181625;
2009.9908105;-111.963042076;9.16215293805;112.337294953;67.0514196531;-48.2456241667;1497.181625;67.0514205562;-48.2456524719;1496.83828125;
2010.00176941;-99.0621336728;-3.63527166317;99.1288128037;67.0514205562;-48.2456524719;1496.83828125;67.0514201979;-48.2456775156;1496.869875;
2010.01272831;-85.394840274;35.1691406199;92.3533821653;67.0514201979;-48.2456775156;1496.869875;67.0514236646;-48.2456991042;1496.95235417;
2010.02368721;-93.6479446458;11.7195245526;94.3784127442;67.0514236646;-48.2456991042;1496.95235417;67.0514248198;-48.2457227792;1497.14041667;
2010.03464612;-106.98560219;14.9532252759;108.025543378;67.0514248198;-48.2457227792;1497.14041667;67.0514262937;-48.245749826;1496.40398958;
2010.04560502;-82.8607867803;11.1911418502;83.6131068778;67.0514262937;-48.245749826;1496.40398958;67.0514273969;-48.245770774;1496.52744792;
2010.05656393;-106.153274714;17.9015998587;107.652148191;67.0514273969;-48.245770774;1496.52744792;67.0514291615;-48.2457976104;1496.77776042;
2010.06752283;-85.398929082;7.03805516815;85.6884549335;67.0514291615;-48.2457976104;1496.77776042;67.0514298552;-48.2458192;1497.19820833;
2010.07848174;-102.486128699;24.3267315832;105.333738399;67.0514298552;-48.2458192;1497.19820833;67.0514322531;-48.2458451094;1497.03410417;
2010.08944064;-103.965333599;21.2726801713;106.11935503;67.0514322531;-48.2458451094;1497.03410417;67.05143435;-48.2458713927;1497.35702083;
2010.10039954;-99.2680961261;5.74880189424;99.4344187479;67.05143435;-48.2458713927;1497.35702083;67.0514349167;-48.2458964885;1497.54664583;
2010.11135845;-104.888286412;24.0097018179;107.601200774;67.0514349167;-48.2458964885;1497.54664583;67.0514372833;-48.2459230052;1497.74790625;
2010.12231735;-79.2059762463;14.1923545599;80.4674443554;67.0514372833;-48.2459230052;1497.74790625;67.0514386823;-48.2459430292;1497.63584375;
2010.13327626;-103.71396323;23.2171280523;106.280860008;67.0514386823;-48.2459430292;1497.63584375;67.0514409708;-48.245969249;1498.04219792;
2010.14423516;-111.093544593;5.93901960953;111.252180222;67.0514409708;-48.245969249;1498.04219792;67.0514415562;-48.2459973344;1497.78423958;
2010.15519406;-95.3537106714;7.13316402582;95.6201451987;67.0514415562;-48.2459973344;1497.78423958;67.0514422594;-48.2460214406;1497.8265625;
2010.16615297;-90.8089348327;14.4988164982;91.9591122472;67.0514422594;-48.2460214406;1497.8265625;67.0514436885;-48.2460443979;1497.71246875;
2010.17711187;-102.502551719;20.8922450287;104.610033033;67.0514436885;-48.2460443979;1497.71246875;67.0514457479;-48.2460703115;1497.62617708;
2010.18807078;-85.1269260788;16.0733963442;86.6311007299;67.0514457479;-48.2460703115;1497.62617708;67.0514473323;-48.2460918323;1497.53303125;
2010.19902968;-116.520047617;15.2385518481;117.51227578;67.0514473323;-48.2460918323;1497.53303125;67.0514488344;-48.2461212896;1497.84807292;
2010.20998858;-67.425790947;15.0694696433;69.0892625533;67.0514488344;-48.2461212896;1497.84807292;67.0514503198;-48.2461383354;1498.07014583;
2010.22094749;-108.641879717;21.1670039184;110.684687664;67.0514503198;-48.2461383354;1498.07014583;67.0514524063;-48.246165801;1498.070375;
2010.23190639;-103.190617183;-14.8052784365;104.247300896;67.0514524063;-48.246165801;1498.070375;67.0514509469;-48.2461918885;1497.50107292;
2010.2428653;-93.4789040507;55.0997295356;108.509380689;67.0514509469;-48.2461918885;1497.50107292;67.0514563781;-48.2462155208;1497.62325;
2010.2538242;-86.4371670369;3.39221582203;86.50370497;67.0514563781;-48.2462155208;1497.62325;67.0514567125;-48.2462373729;1496.81757292;
2010.26478311;-91.6411958913;0.0528382701976;91.641211124;67.0514567125;-48.2462373729;1496.81757292;67.0514567177;-48.2462605406;1496.90630208;
2010.27574201;-115.617641066;-1.05676497145;115.622470472;67.0514567177;-48.2462605406;1496.90630208;67.0514566135;-48.2462897698;1496.95345833;
2010.28670091;-98.3615231357;25.721661108;101.669036996;67.0514566135;-48.2462897698;1496.95345833;67.051459149;-48.2463146365;1497.63973958;
2010.29765982;-93.2563723654;32.3898486737;98.7210883442;67.051459149;-48.2463146365;1497.63973958;67.0514623417;-48.2463382125;1497.46665625;
2010.30861872;-94.8262215086;15.7563668675;96.1263511347;67.0514623417;-48.2463382125;1497.46665625;67.0514638948;-48.2463621854;1497.67397917;
2010.31957763;-97.1089008775;10.9269506436;97.7217318717;67.0514638948;-48.2463621854;1497.67397917;67.0514649719;-48.2463867354;1497.97045833;
2010.33053653;-90.5492663967;24.0942429925;93.70006505;67.0514649719;-48.2463867354;1497.97045833;67.0514673469;-48.2464096271;1497.90707292;
2010.34149543;-96.3754611442;24.9607903921;99.5553643344;67.0514673469;-48.2464096271;1497.90707292;67.0514698073;-48.2464339917;1498.07483333;
2010.35245434;-103.66026534;-3.656407029;103.72473149;67.0514698073;-48.2464339917;1498.07483333;67.0514694469;-48.2464601979;1497.717875;
2010.36341324;-109.235127385;36.2893116886;115.105287445;67.0514694469;-48.2464601979;1497.717875;67.051473024;-48.2464878135;1497.68013542;
2010.37437215;-89.0659033843;23.9568635467;92.2315914243;67.051473024;-48.2464878135;1497.68013542;67.0514753854;-48.2465103302;1497.5080625;
2010.38533105;-99.0042246142;16.0628288059;100.298808371;67.0514753854;-48.2465103302;1497.5080625;67.0514769688;-48.2465353594;1497.74664583;
2010.39628995;-94.2245904644;-12.5966393477;95.0628674669;67.0514769688;-48.2465353594;1497.74664583;67.0514757271;-48.2465591802;1497.50847917;
2010.40724886;-84.2697841736;40.0302598922;93.294256156;67.0514757271;-48.2465591802;1497.50847917;67.0514796729;-48.2465804844;1497.58744792;
2010.41820776;-96.8657360114;4.93509276411;96.9913705111;67.0514796729;-48.2465804844;1497.58744792;67.0514801594;-48.2466049729;1497.76013542;
2010.42916667;-124.237339433;20.9662185205;125.994042829;67.0514801594;-48.2466049729;1497.76013542;67.051482226;-48.2466363813;1497.65071875;
2010.44012557;-90.3349428878;9.1938558425;90.8015907999;67.051482226;-48.2466363813;1497.65071875;67.0514831323;-48.2466592188;1497.80442708;
2010.45108447;-121.530242707;34.3448639501;126.290021665;67.0514831323;-48.2466592188;1497.80442708;67.0514865177;-48.2466899427;1498.08909375;
2010.46204338;-86.4659022276;5.26269006817;86.6259092581;67.0514865177;-48.2466899427;1498.08909375;67.0514870365;-48.2467118021;1497.90297917;
2010.47300228;-105.263014457;10.9480857208;105.830821567;67.0514870365;-48.2467118021;1497.90297917;67.0514881156;-48.2467384135;1498.20563542;
2010.48396119;-133.112568692;40.4635335925;139.126753339;67.0514881156;-48.2467384135;1498.20563542;67.0514921042;-48.2467720656;1497.71719792;
2010.49492009;-132.539815986;32.5377959449;136.475312737;67.0514921042;-48.2467720656;1497.71719792;67.0514953115;-48.2468055729;1497.89346875;
2010.505879;-107.862929234;65.5617034305;126.224991423;67.0514953115;-48.2468055729;1497.89346875;67.051501774;-48.2468328417;1499.17542708;
2010.5168379;-136.276933653;-45.7262235165;143.743835217;67.051501774;-48.2468328417;1499.17542708;67.0514972667;-48.2468672938;1497.64205208;
2010.5277968;-110.524676453;35.813767401;116.182313802;67.0514972667;-48.2468672938;1497.64205208;67.0515007969;-48.2468952354;1498.00259375;
2010.53875571;-184.46460328;17.0773230451;185.253407056;67.0515007969;-48.2468952354;1498.00259375;67.0515024802;-48.2469418698;1497.66522917;
2010.54971461;-203.879747234;57.0230417622;211.70398821;67.0515024802;-48.2469418698;1497.66522917;67.051508101;-48.2469934125;1498.3005625;
2010.56067352;-131.629128252;15.1751461837;132.500990434;67.051508101;-48.2469934125;1498.3005625;67.0515095969;-48.2470266896;1497.61596875;
2010.57163242;-121.719646798;16.157937663;122.787423486;67.0515095969;-48.2470266896;1497.61596875;67.0515111896;-48.2470574615;1497.92604167;
2010.58259132;-135.807159418;20.1736446125;137.297343333;67.0515111896;-48.2470574615;1497.92604167;67.0515131781;-48.2470917948;1497.51540625;
2010.59355023;-91.0764929095;15.5133110258;92.3882588843;67.0515131781;-48.2470917948;1497.51540625;67.0515147073;-48.2471148198;1497.46116667;
2010.60450913;-120.504114307;16.7708612517;121.665538884;67.0515147073;-48.2471148198;1497.46116667;67.0515163604;-48.2471452844;1497.45238542;
2010.61546804;-102.716503561;23.2699663235;105.319378257;67.0515163604;-48.2471452844;1497.45238542;67.0515186542;-48.2471712521;1498.04005208;
2010.62642694;-71.681930333;9.22555874676;72.2731628646;67.0515186542;-48.2471712521;1498.04005208;67.0515195635;-48.247189374;1497.73569792;
2010.63738584;-82.0034330823;23.9885665963;85.4401215157;67.0515195635;-48.247189374;1497.73569792;67.0515219281;-48.2472101052;1498.00167708;
2010.64834475;-82.6173588817;9.89132074979;83.2073687528;67.0515219281;-48.2472101052;1498.00167708;67.0515229031;-48.2472309917;1497.52560417;
2010.65930365;-101.649302328;24.0942431367;104.465847128;67.0515229031;-48.2472309917;1497.52560417;67.0515252781;-48.2472566896;1497.96975;
2010.67026256;-121.043829064;7.60870831296;121.282731651;67.0515252781;-48.2472566896;1497.96975;67.0515260281;-48.2472872906;1497.57414583;
2010.68122146;-83.9317398191;24.7494374565;87.5046947511;67.0515260281;-48.2472872906;1497.57414583;67.0515284677;-48.2473085094;1497.3483125;
2010.69218037;-86.7253354213;6.26661676929;86.9514478872;67.0515284677;-48.2473085094;1497.3483125;67.0515290854;-48.2473304344;1497.63741667;
2010.70313927;-61.2656300155;25.5525787598;66.3808082391;67.0515290854;-48.2473304344;1497.63741667;67.0515316042;-48.2473459229;1497.80255208;
2010.71409817;-56.9351258727;-6.38286084825;57.2917923506;67.0515316042;-48.2473459229;1497.80255208;67.051530975;-48.2473603167;1497.86392708;
2010.72505708;-77.6852577616;30.1495066812;83.3306187821;67.051530975;-48.2473603167;1497.86392708;67.0515339469;-48.2473799563;1497.37915625;
2010.73601598;-91.6738669428;31.8720337988;97.0562951009;67.0515339469;-48.2473799563;1497.37915625;67.0515370885;-48.2474031323;1497.32263542;
2010.74697489;-78.3733380464;-11.8040655829;79.2572777782;67.0515370885;-48.2474031323;1497.32263542;67.051535925;-48.2474229458;1496.93948958;
2010.75793379;-74.1170113411;37.3143737556;82.9800810973;67.051535925;-48.2474229458;1496.93948958;67.0515396031;-48.2474416833;1496.77203125;
2010.76889269;-92.5020375996;30.4348332537;97.380213777;67.0515396031;-48.2474416833;1496.77203125;67.0515426031;-48.2474650688;1497.38544792;
2010.7798516;-68.7646464733;-10.3457296717;69.538555687;67.0515426031;-48.2474650688;1497.38544792;67.0515415833;-48.2474824531;1497.10529167;
2010.7908105;-104.871343779;25.9330141888;108.030180834;67.0515415833;-48.2474824531;1497.10529167;67.0515441396;-48.2475089656;1497.15430208;
2010.80176941;-76.3996641341;14.3720047359;77.7397144317;67.0515441396;-48.2475089656;1497.15430208;67.0515455563;-48.2475282802;1496.75153125;
2010.81272831;-94.1460373024;22.202633525;96.728657983;67.0515455563;-48.2475282802;1496.75153125;67.0515477448;-48.2475520812;1496.7916875;
2010.82368721;-89.0573883513;8.97193536717;89.5081786441;67.0515477448;-48.2475520812;1496.7916875;67.0515486292;-48.2475745958;1496.85784375;
2010.83464612;-96.9313863896;14.5516546242;98.0175714845;67.0515486292;-48.2475745958;1496.85784375;67.0515500635;-48.247599101;1496.47427083;
2010.84560502;-75.3901581923;30.0226949179;81.148248055;67.0515500635;-48.247599101;1496.47427083;67.0515530229;-48.2476181604;1496.85004167;
2010.85656393;-90.3552810255;27.9937060068;94.5924118795;67.0515530229;-48.2476181604;1496.85004167;67.0515557823;-48.2476410031;1496.99323958;
2010.86752283;-92.8728078684;4.11081609503;92.9637415895;67.0515557823;-48.2476410031;1496.99323958;67.0515561875;-48.2476644823;1496.363375;
2010.87848174;-93.3507675213;5.60085476653;93.51863649;67.0515561875;-48.2476644823;1496.363375;67.0515567396;-48.2476880823;1496.5386875;
2010.88944064;-92.3824819032;34.5245141272;98.6228423759;67.0515567396;-48.2476880823;1496.5386875;67.0515601427;-48.2477114375;1496.78504167;
2010.90039954;-106.099129233;27.9620029581;109.721915921;67.0515601427;-48.2477114375;1496.78504167;67.051562899;-48.2477382604;1496.8891875;
2010.91135845;-111.167152651;12.9453718734;111.91835632;67.051562899;-48.2477382604;1496.8891875;67.051564175;-48.2477663646;1496.568875;
2010.92231735;-92.155834129;9.37350601844;92.6313142468;67.051564175;-48.2477663646;1496.568875;67.051565099;-48.2477896625;1496.51767708;
2010.93327626;-86.6139549463;11.8040655831;87.4146049338;67.051565099;-48.2477896625;1496.51767708;67.0515662625;-48.2478115594;1496.57313542;
2010.94423516;-96.6222894004;25.2883875525;99.8767708428;67.0515662625;-48.2478115594;1496.57313542;67.0515687552;-48.2478359865;1496.57982292;
2010.95519406;-85.9958888879;-9.95472684662;86.5701420364;67.0515687552;-48.2478359865;1496.57982292;67.051567774;-48.2478577271;1496.66392708;
2010.96615297;-96.4986728279;29.4520420624;100.893095102;67.051567774;-48.2478577271;1496.66392708;67.0515706771;-48.2478821229;1496.01971875;
2010.97711187;-82.7449237713;22.8261247961;85.8356242077;67.0515706771;-48.2478821229;1496.01971875;67.0515729271;-48.2479030417;1496.06914583;
2010.98807078;-108.274619377;28.0148415161;111.840174116;67.0515729271;-48.2479030417;1496.06914583;67.0515756885;-48.2479304146;1496.015;
2010.99902968;-86.6303984544;-2.51510088285;86.6669006531;67.0515756885;-48.2479304146;1496.015;67.0515754406;-48.2479523156;1496.17671875;
2011.00998858;-81.4057931979;17.9861411779;83.3690856412;67.0515754406;-48.2479523156;1496.17671875;67.0515772135;-48.2479728958;1496.48625;
2011.02094749;-95.2295669352;20.3849975492;97.3869526361;67.0515772135;-48.2479728958;1496.48625;67.0515792229;-48.2479969708;1496.245875;
2011.03190639;-85.9093244522;12.522665856;86.8172171172;67.0515792229;-48.2479969708;1496.245875;67.0515804573;-48.2480186896;1496.22934375;
2011.0428653;-107.244497956;5.16758106626;107.36892584;67.0515804573;-48.2480186896;1496.22934375;67.0515809667;-48.2480458021;1496.20595833;
2011.0538242;-87.9365309432;28.469250438;92.4301449465;67.0515809667;-48.2480458021;1496.20595833;67.0515837729;-48.2480680333;1496.20069792;
2011.06478311;-95.3449109899;18.1340881614;97.0540942213;67.0515837729;-48.2480680333;1496.20069792;67.0515855604;-48.2480921375;1495.84711458;
2011.07574201;-93.8409761591;11.6244155507;94.5582140451;67.0515855604;-48.2480921375;1495.84711458;67.0515867063;-48.2481158615;1495.78948958;
2011.08670091;-91.9332496361;18.5990647662;93.7957760181;67.0515867063;-48.2481158615;1495.78948958;67.0515885396;-48.2481391031;1495.5875;
2011.09765982;-82.9673617911;5.22041933646;83.1314374988;67.0515885396;-48.2481391031;1495.5875;67.0515890542;-48.2481600781;1495.45221875;
2011.10861872;-114.483914186;19.9411563102;116.207643132;67.0515890542;-48.2481600781;1495.45221875;67.0515910198;-48.2481890208;1496.15828125;
2011.11957763;-80.2685244582;8.6337705246;80.7315180841;67.0515910198;-48.2481890208;1496.15828125;67.0515918708;-48.2482093135;1496.2406875;
2011.13053653;-107.84601855;36.5429353552;113.869002988;67.0515918708;-48.2482093135;1496.2406875;67.0515954729;-48.2482365781;1496.65528125;
2011.14149543;-87.9941632225;-17.404920494;89.6989633086;67.0515954729;-48.2482365781;1496.65528125;67.0515937573;-48.248258824;1496.16059375;
2011.15245434;-93.1734479493;31.079460179;98.220284299;67.0515937573;-48.248258824;1496.16059375;67.0515968208;-48.2482823792;1496.38479167;
2011.16341324;-84.7061203933;-9.75394144911;85.2658560379;67.0515968208;-48.2482823792;1496.38479167;67.0515958594;-48.2483037938;1496.20930208;
2011.17437215;-102.427742523;37.5574297393;109.096301344;67.0515958594;-48.2483037938;1496.20930208;67.0515995615;-48.2483296885;1497.18272917;
2011.18533105;-85.2582374395;-11.2862507079;86.0020145481;67.0515995615;-48.2483296885;1497.18272917;67.051598449;-48.2483512427;1496.33275;
2011.19628995;-102.435972287;24.8868169013;105.415758185;67.051598449;-48.2483512427;1496.33275;67.0516009021;-48.2483771396;1496.78285417;
2011.20724886;-93.4577244362;45.514870579;103.951670023;67.0516009021;-48.2483771396;1496.78285417;67.0516053885;-48.2484007667;1497.19557292;
2011.21820776;-75.8391040982;1.31038849534;75.8504240491;67.0516053885;-48.2484007667;1497.19557292;67.0516055177;-48.2484199396;1497.67410417;
2011.22916667;-105.213056173;6.54137565911;105.41620741;67.0516055177;-48.2484199396;1497.67410417;67.0516061625;-48.2484465385;1498.31476042;
2011.24012557;-90.24795413;43.4436110802;100.160074722;67.0516061625;-48.2484465385;1498.31476042;67.0516104448;-48.2484693542;1498.42378125;
2011.25108447;-107.170199161;-10.6099211664;107.694113188;67.0516104448;-48.2484693542;1498.42378125;67.051609399;-48.2484964479;1497.63484375;
2011.26204338;-80.7835069234;19.5818565342;83.1229456658;67.051609399;-48.2484964479;1497.63484375;67.0516113292;-48.2485168708;1498.26111458;
2011.27300228;-93.5277301945;-14.1606516554;94.5936592517;67.0516113292;-48.2485168708;1498.26111458;67.0516099333;-48.2485405156;1497.5461875;
2011.28396119;-93.3835234986;32.0199809271;98.7206241856;67.0516099333;-48.2485405156;1497.5461875;67.0516130896;-48.248564124;1498.83840625;
2011.29492009;-110.610676015;18.1446558435;112.089027938;67.0516130896;-48.248564124;1498.83840625;67.0516148781;-48.2485920875;1497.92467708;
2011.305879;-88.3937662837;20.7865683446;90.8049521852;67.0516148781;-48.2485920875;1497.92467708;67.0516169271;-48.2486144344;1497.74815625;
2011.3168379;-94.8627003738;-6.01299310118;95.0530799514;67.0516169271;-48.2486144344;1497.74815625;67.0516163344;-48.2486384167;1498.79292708;
2011.3277968;-90.0583803731;23.7560782939;93.1389452986;67.0516163344;-48.2486384167;1498.79292708;67.051618676;-48.2486611844;1498.4670625;
2011.33875571;-81.607544972;20.5857832346;84.1639226019;67.051618676;-48.2486611844;1498.4670625;67.0516207052;-48.2486818156;1498.78489583;
2011.34971461;-105.534377215;34.0066989639;110.878132869;67.0516207052;-48.2486818156;1498.78489583;67.0516240573;-48.2487084958;1499.02353125;
2011.36067352;-97.4378872369;-2.39885651546;97.4674118963;67.0516240573;-48.2487084958;1499.02353125;67.0516238208;-48.2487331292;1498.68427083;
2011.37163242;-95.5095673974;13.6534043189;96.4805312689;67.0516238208;-48.2487331292;1498.68427083;67.0516251667;-48.248757275;1498.14507292;
2011.38259132;-81.2325718566;25.5631464422;85.1598801459;67.0516251667;-48.248757275;1498.14507292;67.0516276865;-48.2487778115;1498.3725625;
2011.39355023;-97.2771793223;20.025697629;99.3170588692;67.0516276865;-48.2487778115;1498.3725625;67.0516296604;-48.2488024042;1498.05717708;
2011.40450913;-105.493134761;13.7168104164;106.381165483;67.0516296604;-48.2488024042;1498.05717708;67.0516310125;-48.248829074;1497.82022917;
2011.41546804;-84.961462296;28.7757120885;89.7022390004;67.0516310125;-48.248829074;1497.82022917;67.051633849;-48.2488505531;1498.98341667;
2011.42642694;-86.131629454;12.416989315;87.0220616628;67.051633849;-48.2488505531;1498.98341667;67.0516350729;-48.2488723281;1498.75830208;
2011.43738584;-113.840923747;18.6624707188;115.360494681;67.0516350729;-48.2488723281;1498.75830208;67.0516369125;-48.2489011083;1498.03682292;
2011.44834475;-95.7773379771;12.6494776179;96.6090459221;67.0516369125;-48.2489011083;1498.03682292;67.0516381594;-48.2489253219;1498.2701875;
2011.45930365;-83.931351961;16.6546171722;85.567798354;67.0516381594;-48.2489253219;1498.2701875;67.051639801;-48.2489465406;1498.85345833;
2011.47026256;-94.8955736165;12.6917480606;95.7405366646;67.051639801;-48.2489465406;1498.85345833;67.0516410521;-48.2489705313;1498.08976042;
2011.48122146;-121.344036265;11.6244156951;121.899557741;67.0516410521;-48.2489705313;1498.08976042;67.0516421979;-48.2490012083;1498.34003125;
2011.49218037;-96.9186514988;33.9855637423;102.704642306;67.0516421979;-48.2490012083;1498.34003125;67.0516455479;-48.2490257104;1498.08517708;
2011.50313927;-136.774687196;33.3092343437;140.772227908;67.0516455479;-48.2490257104;1498.08517708;67.0516488313;-48.2490602885;1497.92171875;
2011.51409817;-170.598535365;23.5130223087;172.211272821;67.0516488313;-48.2490602885;1497.92171875;67.051651149;-48.2491034177;1497.71525;
2011.52505708;-186.873858388;20.3638623276;187.980120857;67.051651149;-48.2491034177;1497.71525;67.0516531562;-48.2491506615;1497.90975;
2011.53601598;-153.907012774;35.9194439399;158.04295313;67.0516531562;-48.2491506615;1497.90975;67.0516566969;-48.2491895708;1498.37029167;
2011.54697489;-194.529403939;18.651903036;195.421550714;67.0516566969;-48.2491895708;1498.37029167;67.0516585354;-48.24923875;1497.91375;
2011.55793379;-143.32595114;34.6935964765;147.465161671;67.0516585354;-48.24923875;1497.91375;67.0516619552;-48.2492749844;1497.83065625;
2011.56889269;-99.2424427292;18.7258766719;100.993667603;67.0516619552;-48.2492749844;1497.83065625;67.051663801;-48.249300074;1498.06001042;
2011.5798516;-100.725756554;9.65883244742;101.187801032;67.051663801;-48.249300074;1498.06001042;67.0516647531;-48.2493255385;1497.943375;
2011.5908105;-141.306949292;34.4611081727;145.448347858;67.0516647531;-48.2493255385;1497.943375;67.05166815;-48.2493612625;1497.84932292;
2011.60176941;-97.9486318774;13.4526192096;98.8681316211;67.05166815;-48.2493612625;1497.84932292;67.051669476;-48.249386025;1497.88835417;
2011.61272831;-110.985369471;26.4613966035;114.096265262;67.051669476;-48.249386025;1497.88835417;67.0516720844;-48.2494140833;1497.39708333;
2011.62368721;-81.5167179625;-2.92723921738;81.569259141;67.0516720844;-48.2494140833;1497.39708333;67.0516717958;-48.2494346917;1497.84988542;
2011.63464612;-90.3548386834;15.1540108176;91.616815691;67.0516717958;-48.2494346917;1497.84988542;67.0516732896;-48.2494575344;1498.22538542;
2011.64560502;-62.4354410076;25.2249817441;67.3385773373;67.0516732896;-48.2494575344;1498.22538542;67.051675776;-48.2494733187;1498.28105208;
2011.65656393;-134.265232833;27.7400823387;137.100929668;67.051675776;-48.2494733187;1498.28105208;67.0516785104;-48.2495072625;1498.48302083;
2011.66752283;-79.9798115502;34.0384020111;86.9217065357;67.0516785104;-48.2495072625;1498.48302083;67.0516818656;-48.2495274823;1498.61354167;
2011.67848174;-74.3019804731;-7.52416685029;74.6819749941;67.0516818656;-48.2495274823;1498.61354167;67.051681124;-48.2495462667;1497.90833333;
2011.68944064;-71.4465913331;32.1573602272;78.3499280784;67.051681124;-48.2495462667;1497.90833333;67.0516842938;-48.2495643292;1497.575;
2011.70039954;-90.7421034602;7.40792291551;91.0439820214;67.0516842938;-48.2495643292;1497.575;67.051685024;-48.2495872698;1498.0875;
2011.71135845;-73.0452691032;2.57850669169;73.0907657308;67.051685024;-48.2495872698;1498.0875;67.0516852781;-48.2496057365;1496.83645833;
2011.72231735;-61.3394015687;-12.0999596944;62.5214459959;67.0516852781;-48.2496057365;1496.83645833;67.0516840854;-48.2496212438;1496.675;
2011.73327626;-81.0098765275;46.5399326469;93.4267917986;67.0516840854;-48.2496212438;1496.675;67.0516886729;-48.249641724;1497.40625;
2011.74423516;-93.2554900905;68.9433517125;115.97315283;67.0516886729;-48.249641724;1497.40625;67.0516954688;-48.2496653;1498.38333333;
2011.75519406;-87.1820952159;23.3545074976;90.2560288662;67.0516954688;-48.2496653;1498.38333333;67.0516977708;-48.2496873406;1496.853125;
2011.76615297;-53.6796743363;-36.0251204818;64.6476352435;67.0516977708;-48.2496873406;1496.853125;67.0516942198;-48.2497009115;1496.72916667;
2011.77711187;-96.6011780496;-8.46468803113;96.9713284638;67.0516942198;-48.2497009115;1496.72916667;67.0516933854;-48.2497253333;1496.428125;
2011.78807078;-115.398135594;83.1885443964;142.257033631;67.0516933854;-48.2497253333;1496.428125;67.0517015854;-48.2497545073;1498.01875;
2011.79902968;-72.0068960259;-1.04619728855;72.0144957911;67.0517015854;-48.2497545073;1498.01875;67.0517014823;-48.2497727115;1497.31458333;
2011.80998858;-95.0972285131;-0.898250305023;95.1014706747;67.0517014823;-48.2497727115;1497.31458333;67.0517013938;-48.2497967531;1496.34791667;
2011.82094749;-84.9529750931;18.1657910655;86.8734938989;67.0517013938;-48.2497967531;1496.34791667;67.0517031844;-48.2498182302;1494.90416667;
2011.83190639;-83.7292307849;15.9571521213;85.2362293373;67.0517031844;-48.2498182302;1494.90416667;67.0517047573;-48.2498393979;1494.99166667;
2011.8428653;-95.9130410623;44.4581056066;105.715820008;67.0517047573;-48.2498393979;1494.99166667;67.0517091396;-48.2498636458;1495.33854167;
2011.8538242;-111.417822561;42.6616048542;119.306092523;67.0517091396;-48.2498636458;1495.33854167;67.0517133448;-48.2498918135;1496.059375;
2011.86478311;-36.8769402153;38.6776006654;53.4402985852;67.0517133448;-48.2498918135;1496.059375;67.0517171573;-48.2499011365;1498.85729167;
2011.87574201;-121.483746749;-9.5003177808;121.854654249;67.0517171573;-48.2499011365;1498.85729167;67.0517162208;-48.249931849;1497.67395833;
2011.88670091;-93.4572802125;-1.92331237198;93.4770686061;67.0517162208;-48.249931849;1497.67395833;67.0517160312;-48.249955476;1495.00104167;
2011.89765982;-99.926196018;-11.3707918828;100.571067205;67.0517160312;-48.249955476;1495.00104167;67.0517149104;-48.2499807385;1494.8;
2011.90861872;-93.6468203812;7.7777908069;93.9692555964;67.0517149104;-48.2499807385;1494.8;67.0517156771;-48.2500044135;1494.559375;
2011.91957763;-65.6615488581;28.3952768008;71.5383166076;67.0517156771;-48.2500044135;1494.559375;67.051718476;-48.2500210135;1494.5265625;
2011.93053653;-122.287204028;-0.391003112962;122.287829127;67.051718476;-48.2500210135;1494.5265625;67.0517184375;-48.2500519292;1493.759375;
2011.94149543;-85.3608278603;21.5685745705;88.0435934183;67.0517184375;-48.2500519292;1493.759375;67.0517205635;-48.2500735094;1493.78125;
2011.95245434;-96.2549657483;22.1603629376;98.7729726025;67.0517205635;-48.2500735094;1493.78125;67.0517227479;-48.2500978438;1493.453125;
2011.96341324;-69.8271801922;-2.77929180127;69.8824695937;67.0517227479;-48.2500978438;1493.453125;67.051722474;-48.2501154969;1493.40052083;
2011.97437215;-115.727623358;32.9076634051;120.315406823;67.051722474;-48.2501154969;1493.40052083;67.0517257177;-48.2501447542;1492.98020833;
2011.98533105;-65.8428160688;5.97072236968;66.1129787068;67.0517257177;-48.2501447542;1492.98020833;67.0517263062;-48.2501614;1493.5625;
2011.99628668;-105.081681946;48.2490265397;115.629271565;67.0517263062;-48.2501614;1493.5625;67.0517310594;-48.25018795;1493.596875;
2012.0072282;-98.052600812;-44.721241354;107.769670846;67.0517310594;-48.25018795;1493.596875;67.0517266625;-48.250212675;1492.31354167;
2012.01815801;-70.0391343192;36.8655816082;79.1489194082;67.0517266625;-48.250212675;1492.31354167;67.0517302865;-48.2502303333;1493.34895833;
2012.02908698;-108.541636627;32.2878491262;113.242183319;67.0517302865;-48.2502303333;1493.34895833;67.0517334604;-48.250257699;1494.084375;
2012.04001594;-84.7765806337;-8.99651601218;85.2526006893;67.0517334604;-48.250257699;1494.084375;67.051732576;-48.2502790729;1494.20208333;
2012.0509449;-114.561387672;18.7347941906;116.083177328;67.051732576;-48.2502790729;1494.20208333;67.0517344177;-48.2503079563;1493.79166667;
2012.06187386;-86.3920381592;0.105965776037;86.3921031463;67.0517344177;-48.2503079563;1493.79166667;67.0517344281;-48.2503297375;1493.7640625;
2012.07280282;-75.2160236177;7.01495125862;75.5424367493;67.0517344281;-48.2503297375;1493.7640625;67.0517351177;-48.250348701;1493.50729167;
2012.08373179;-98.8942977536;9.85484073502;99.3841034276;67.0517351177;-48.250348701;1493.50729167;67.0517360865;-48.2503736344;1492.996875;
2012.09466075;-104.554603902;58.5568276871;119.835584306;67.0517360865;-48.2503736344;1492.996875;67.0517418427;-48.2503999948;1494.6171875;
2012.10558971;-87.3092296275;-11.1264330835;88.01533441;67.0517418427;-48.2503999948;1494.6171875;67.051740749;-48.2504220073;1494.015625;
2012.11651867;-106.306387492;60.3794436333;122.256800363;67.051740749;-48.2504220073;1494.015625;67.0517466844;-48.2504488094;1495.346875;
2012.12744763;-81.9009328256;-26.6928429662;86.1409929321;67.0517466844;-48.2504488094;1495.346875;67.0517440604;-48.2504694583;1493.96145833;
2012.13837659;-91.2012000544;3.8041806985;91.280505488;67.0517440604;-48.2504694583;1493.96145833;67.0517444344;-48.2504924521;1493.896875;
2012.14930556;-69.997766935;38.0206111112;79.6571041726;67.0517444344;-48.2504924521;1493.896875;67.0517481719;-48.2505101;1495.04010417;
2012.16148679;-91.4881564517;34.1476429163;97.6531837048;67.0517481719;-48.2505101;1495.04010417;67.0517522979;-48.2505384521;1495.12395833;
2012.17378188;-105.593844842;-20.3662384683;107.539963446;67.0517522979;-48.2505384521;1495.12395833;67.0517502542;-48.2505656292;1494.27395833;
2012.18482468;-85.9746890892;-16.4459277332;87.5335118854;67.0517502542;-48.2505656292;1494.27395833;67.0517486375;-48.2505873052;1493.4375;
2012.19575364;-94.1263634661;45.1309317994;104.386652904;67.0517486375;-48.2505873052;1493.4375;67.051753074;-48.2506110365;1493.73229167;
2012.2066826;-71.0017232958;-6.01887027512;71.2563787345;67.051753074;-48.2506110365;1493.73229167;67.0517524823;-48.2506289375;1493.853125;
2012.21761157;-109.636414023;-3.13659454567;109.681272354;67.0517524823;-48.2506289375;1493.853125;67.051752174;-48.2506565792;1494.8;
2012.22854053;-96.7788436591;71.537666334;120.34858655;67.051752174;-48.2506565792;1494.8;67.0517592062;-48.2506809792;1497.85416667;
2012.23946949;-105.967514655;-12.864275945;106.745509309;67.0517592062;-48.2506809792;1497.85416667;67.0517579417;-48.2507076958;1496.77395833;
2012.25039845;-102.810970483;46.2223819227;112.723574474;67.0517579417;-48.2507076958;1496.77395833;67.0517624854;-48.2507336167;1498.98020833;
2012.26132741;-89.8459630859;14.3054138816;90.977700285;67.0517624854;-48.2507336167;1498.98020833;67.0517638917;-48.2507562688;1499.10520833;
2012.27225638;-77.8064507485;-33.834952983;84.8448455797;67.0517638917;-48.2507562688;1499.10520833;67.0517605656;-48.2507758854;1496.43229167;
2012.28318534;-101.183105487;45.2686876282;110.847981107;67.0517605656;-48.2507758854;1496.43229167;67.0517650156;-48.2508013958;1496.596875;
2012.2941143;-97.9439059296;32.9024521011;103.322698682;67.0517650156;-48.2508013958;1496.596875;67.05176825;-48.2508260896;1496.61770833;
2012.30504326;-108.62823049;-5.93409762525;108.790192454;67.05176825;-48.2508260896;1496.61770833;67.0517676667;-48.2508534771;1496.06979167;
2012.31597222;-96.2086199678;15.1319489871;97.3913468243;67.0517676667;-48.2508534771;1496.06979167;67.0517691542;-48.2508777333;1496.88541667;
2012.32690118;-86.5530471398;33.0825943258;92.6600670004;67.0517691542;-48.2508777333;1496.88541667;67.0517724062;-48.2508995552;1498.128125;
2012.33783015;-81.5042118233;23.6834076125;84.8754401525;67.0517724062;-48.2508995552;1498.128125;67.0517747344;-48.2509201042;1498.88229167;
2012.34875911;-120.440464764;31.9805475668;124.614048066;67.0517747344;-48.2509201042;1498.88229167;67.0517778781;-48.2509504698;1499.66979167;
2012.35968807;-78.4426732903;5.91290449871;78.665211069;67.0517778781;-48.2509504698;1499.66979167;67.0517784594;-48.2509702469;1498.08229167;
2012.37061703;-101.088003849;30.8679043157;105.695846839;67.0517784594;-48.2509702469;1498.08229167;67.0517814937;-48.2509957333;1499.48958333;
2012.38154599;-100.860752883;36.4099277311;107.231405425;67.0517814937;-48.2509957333;1499.48958333;67.0517850729;-48.2510211625;1500.29583333;
2012.39247495;-82.2065420807;12.980838501;83.2251027578;67.0517850729;-48.2510211625;1500.29583333;67.051786349;-48.2510418885;1498.62395833;
2012.40340392;-84.4995782629;-4.83205086529;84.6376242706;67.051786349;-48.2510418885;1498.62395833;67.051785874;-48.2510631927;1501.58541667;
2012.41433288;-114.317371352;46.6568426771;123.471949694;67.051785874;-48.2510631927;1501.58541667;67.0517904604;-48.2510920146;1501.68854167;
2012.42526184;-80.566276956;4.67310176775;80.7016905813;67.0517904604;-48.2510920146;1501.68854167;67.0517909198;-48.2511123271;1500.23125;
2012.4361908;-113.338157439;12.8748725804;114.067086732;67.0517909198;-48.2511123271;1500.23125;67.0517921854;-48.2511409021;1500.16927083;
2012.44711976;-109.016494065;29.5539255702;112.951451937;67.0517921854;-48.2511409021;1500.16927083;67.0517950906;-48.2511683875;1498.221875;
2012.45804872;-99.6583998636;18.597038075;101.378727988;67.0517950906;-48.2511683875;1498.221875;67.0517969187;-48.2511935135;1496.47645833;
2012.46897769;-142.651851551;37.3212356313;147.453129434;67.0517969187;-48.2511935135;1496.47645833;67.0518005875;-48.2512294792;1497.54802083;
2012.47990665;-233.906528396;22.3906219929;234.975751896;67.0518005875;-48.2512294792;1497.54802083;67.0518027885;-48.2512884521;1497.33260417;
2012.49083561;-211.794174013;50.5034096272;217.73232771;67.0518027885;-48.2512884521;1497.33260417;67.0518077531;-48.25134185;1496.93416667;
2012.50176457;-161.640626126;48.5112480927;168.763246016;67.0518077531;-48.25134185;1496.93416667;67.0518125219;-48.2513826031;1497.20010417;
2012.51269353;-179.551081162;20.8647112622;180.7593066;67.0518125219;-48.2513826031;1497.20010417;67.0518145729;-48.2514278719;1496.40989583;
2012.5236225;-267.483905433;75.6491483034;277.975598398;67.0518145729;-48.2514278719;1496.40989583;67.0518220094;-48.2514953104;1496.2253125;
2012.53455146;-299.594607592;218.71388448;370.934889385;67.0518220094;-48.2514953104;1496.2253125;67.0518435094;-48.2515708448;1493.34739583;
2012.54548042;-187.545487973;37.9888214933;191.354280374;67.0518435094;-48.2515708448;1493.34739583;67.0518472438;-48.2516181292;1493.41479167;
2012.55640938;-158.65322031;-72.3112184073;174.355259807;67.0518472438;-48.2516181292;1493.41479167;67.0518401354;-48.2516581292;1492.99614583;
2012.56733834;-138.313422212;26.8200020137;140.889727347;67.0518401354;-48.2516581292;1492.99614583;67.0518427719;-48.251693001;1493.76104167;
2012.5782673;-170.597690843;23.4184923055;172.197554869;67.0518427719;-48.251693001;1493.76104167;67.051845074;-48.2517360125;1492.82541667;
2012.58919627;-111.020079803;-10.7343585846;111.537816787;67.051845074;-48.2517360125;1492.82541667;67.0518440188;-48.2517640031;1493.15989583;
2012.60012523;-129.302391733;22.0833204333;131.174622352;67.0518440188;-48.2517640031;1493.15989583;67.0518461896;-48.2517966031;1492.9515625;
2012.61105419;-58.9867740957;48.670197336;76.473705461;67.0518461896;-48.2517966031;1492.9515625;67.051850974;-48.251811475;1492.93729167;
2012.62198315;-75.9510859407;-9.10248193278;76.4945921808;67.051850974;-48.251811475;1492.93729167;67.0518500792;-48.251830624;1491.81052083;
2012.63291211;-92.8740969184;7.22688309952;93.1548480636;67.0518500792;-48.251830624;1491.81052083;67.0518507896;-48.2518540396;1492.265;
2012.64384107;-70.6709098398;33.8455497637;78.3575059352;67.0518507896;-48.2518540396;1492.265;67.0518541167;-48.2518718573;1492.75770833;
2012.65477004;87.1890093566;45.7773246822;98.4758183903;67.0518541167;-48.2518718573;1492.75770833;67.0518586167;-48.251849875;1493.92052083;
2012.665699;-9.46547803018;34.7038746299;35.9715747315;67.0518586167;-48.251849875;1493.92052083;67.0518620281;-48.2518522615;1493.48583333;
2012.67662796;-85.3504226147;-20.324284446;87.736943067;67.0518620281;-48.2518522615;1493.48583333;67.0518600302;-48.2518737802;1492.705;
2012.68755692;-33.833607719;46.4872970875;57.4959285671;67.0518600302;-48.2518737802;1492.705;67.0518646;-48.2518823104;1493.33416667;
2012.69848588;-79.7975548161;23.1641739216;83.0916885621;67.0518646;-48.2518823104;1493.33416667;67.0518668771;-48.2519024292;1493.14916667;
2012.70941485;-88.2673087094;5.38307431759;88.4313025795;67.0518668771;-48.2519024292;1493.14916667;67.0518674062;-48.2519246833;1492.76145833;
2012.72034381;-84.9785605321;6.40034828306;85.2192478743;67.0518674062;-48.2519246833;1492.76145833;67.0518680354;-48.2519461083;1493.38395833;
2012.73127277;-78.6283033615;8.26535019146;79.0615336513;67.0518680354;-48.2519461083;1493.38395833;67.0518688479;-48.2519659323;1494.3828125;
2012.74220173;-81.941836348;19.0950784945;84.1373078176;67.0518688479;-48.2519659323;1494.3828125;67.051870725;-48.2519865917;1493.47614583;
2012.75313069;-99.4143252911;34.2058342125;105.134424273;67.051870725;-48.2519865917;1493.47614583;67.0518740875;-48.2520116562;1492.72697917;
2012.76405965;-83.7473233659;31.7156325472;89.5516360477;67.0518740875;-48.2520116562;1492.72697917;67.0518772052;-48.2520327708;1491.45041667;
2012.77498862;-72.6787851826;12.8960658508;73.8140523887;67.0518772052;-48.2520327708;1491.45041667;67.0518784729;-48.2520510948;1491.50953125;
2012.78591758;-100.050558273;22.7085201894;102.595278156;67.0518784729;-48.2520510948;1491.50953125;67.0518807052;-48.2520763198;1493.00614583;
2012.79684654;-74.9098325559;32.5739572709;81.6856517746;67.0518807052;-48.2520763198;1493.00614583;67.0518839073;-48.2520952062;1493.74583333;
2012.8077755;-92.6095458141;29.2254308833;97.1115533096;67.0518839073;-48.2520952062;1493.74583333;67.0518867802;-48.2521185552;1493.21010417;
2012.81870446;-93.9936166358;50.2596875896;106.587223272;67.0518867802;-48.2521185552;1493.21010417;67.0518917208;-48.2521422531;1493.17229167;
2012.82963342;-69.2784458394;-48.5218447291;84.5805679446;67.0518917208;-48.2521422531;1493.17229167;67.051886951;-48.2521597198;1492.34135417;
2012.84056239;-87.1186544559;17.834082782;88.9253308281;67.051886951;-48.2521597198;1492.34135417;67.0518887042;-48.2521816844;1490.92640625;
2012.85149135;-96.9807467161;-5.42546085942;97.1323883118;67.0518887042;-48.2521816844;1490.92640625;67.0518881708;-48.2522061354;1492.22708333;
2012.86242031;-81.9872185657;50.6941486291;96.393986915;67.0518881708;-48.2522061354;1492.22708333;67.0518931542;-48.2522268063;1492.30859375;
2012.87334927;-106.520562125;-4.37639713235;106.610426353;67.0518931542;-48.2522268063;1492.30859375;67.051892724;-48.2522536625;1491.65604167;
2012.88427823;-79.7850675108;49.7086644266;94.0032356719;67.051892724;-48.2522536625;1491.65604167;67.0518976104;-48.2522737781;1491.52635417;
2012.89520719;-81.8343179782;-25.9404840203;85.8473314097;67.0518976104;-48.2522737781;1491.52635417;67.0518950604;-48.2522944104;1491.90046875;
2012.90613616;-90.5333812342;16.7638257838;92.0723572665;67.0518950604;-48.2522944104;1491.90046875;67.0518967083;-48.2523172359;1491.06255208;
2012.91706512;-88.1040025383;28.2717365871;92.5289487292;67.0518967083;-48.2523172359;1491.06255208;67.0518994875;-48.252339449;1490.96427083;
2012.92799408;-74.0793258848;-7.27986613225;74.4361671129;67.0518994875;-48.252339449;1490.96427083;67.0518987719;-48.252358126;1490.2059375;
2012.93892304;-109.710121442;29.8612269857;113.701379164;67.0518987719;-48.252358126;1490.2059375;67.0519017073;-48.2523857865;1491.710625;
2012.949852;-92.7458201617;-7.31165603838;93.0335824931;67.0519017073;-48.2523857865;1491.710625;67.0519009885;-48.2524091698;1491.23041667;
2012.96078097;-54.6980555277;20.7799384684;58.5122476176;67.0519009885;-48.2524091698;1491.23041667;67.0519030313;-48.2524229604;1490.62427083;
2012.97170993;-110.110865861;28.6108277632;113.767228348;67.0519030313;-48.2524229604;1490.62427083;67.0519058437;-48.2524507219;1491.3646875;
2012.98263889;-98.2118904013;12.2072867166;98.9676374638;67.0519058437;-48.2524507219;1491.3646875;67.0519070438;-48.2524754833;1491.92416667;
2012.99356912;-77.2468423094;0.540301532733;77.2487318505;67.0519070438;-48.2524754833;1491.92416667;67.0519070969;-48.2524949635;1491.05442708;
2013.00451173;-79.637672264;21.0290067611;82.3673355705;67.0519070969;-48.2524949635;1491.05442708;67.0519091688;-48.2525150875;1490.46770833;
2013.01546804;-104.564852883;56.3678475878;118.790330836;67.0519091688;-48.2525150875;1490.46770833;67.051914725;-48.2525415229;1492.58854167;
2013.02642694;-66.6704822248;-3.28653942595;66.7514384975;67.051914725;-48.2525415229;1492.58854167;67.051914401;-48.2525583781;1491.973125;
2013.03738584;-84.7008912678;-27.2011322421;88.961466809;67.051914401;-48.2525583781;1491.973125;67.0519117198;-48.2525797917;1491.1203125;
2013.04834475;-86.6291985569;30.2129127771;91.746597436;67.0519117198;-48.2525797917;1491.1203125;67.0519146979;-48.2526016927;1490.94020833;
2013.05930365;-117.885740582;69.2392456796;136.715474526;67.0519146979;-48.2526016927;1490.94020833;67.0519215229;-48.2526314958;1492.818125;
2013.07026256;-87.1977640369;-65.5405680634;109.082611424;67.0519215229;-48.2526314958;1492.818125;67.0519150625;-48.2526535406;1490.40489583;
2013.08122146;-80.218008779;18.8474046649;82.402388285;67.0519150625;-48.2526535406;1490.40489583;67.0519169203;-48.2526738208;1490.685;
2013.09218037;-115.891507554;61.1180062595;131.020045078;67.0519169203;-48.2526738208;1490.685;67.0519229448;-48.2527031198;1491.71541667;
2013.10313927;-71.7590213623;22.7732869584;75.2859863837;67.0519229448;-48.2527031198;1491.71541667;67.0519251896;-48.2527212615;1492.6890625;
2013.11409817;-71.2151361263;-17.3520822238;73.2986382615;67.0519251896;-48.2527212615;1492.6890625;67.0519234792;-48.2527392656;1491.29255208;
2013.12505708;-83.4936137242;14.1078133849;84.677115747;67.0519234792;-48.2527392656;1491.29255208;67.0519248698;-48.252760374;1490.82208333;
2013.13601598;-95.9698549013;34.6618935713;102.037541698;67.0519248698;-48.252760374;1490.82208333;67.0519282865;-48.2527846365;1491.9159375;
2013.14697489;-101.025439669;15.4287697077;102.196802274;67.0519282865;-48.2527846365;1491.9159375;67.0519298073;-48.2528101771;1492.07447917;
2013.15793379;-80.465177555;-13.1989955415;81.5405315304;67.0519298073;-48.2528101771;1492.07447917;67.0519285062;-48.2528305198;1491.1190625;
2013.16889269;-106.565171372;33.7636432656;111.786042761;67.0519285062;-48.2528305198;1491.1190625;67.0519318344;-48.2528574609;1492.36916667;
2013.1798516;-91.048139212;28.0888150085;95.2824494991;67.0519318344;-48.2528574609;1492.36916667;67.0519346031;-48.2528804792;1493.09416667;
2013.1908105;-93.5759273859;15.6295548169;94.8722149521;67.0519346031;-48.2528804792;1493.09416667;67.0519361437;-48.2529041365;1493.60041667;
2013.20176941;-79.8471129229;-29.6211241227;85.1643847886;67.0519361437;-48.2529041365;1493.60041667;67.051933224;-48.2529243229;1491.52645833;
2013.21272831;-100.80704368;21.4100599045;103.055571032;67.051933224;-48.2529243229;1491.52645833;67.0519353344;-48.2529498083;1491.86661458;
2013.22368721;-83.8314367911;40.907374974;93.279810901;67.0519353344;-48.2529498083;1491.86661458;67.0519393667;-48.2529710021;1492.33895833;
2013.23464612;-81.9031270706;-27.9303001979;86.5345242841;67.0519393667;-48.2529710021;1492.33895833;67.0519366135;-48.2529917083;1490.97489583;
2013.24560502;-100.324955603;3.40278336074;100.382646166;67.0519366135;-48.2529917083;1490.97489583;67.051936949;-48.2530170719;1492.43958333;
2013.25656393;-118.198774516;35.7820643524;123.496179804;67.051936949;-48.2530170719;1492.43958333;67.051940476;-48.2530469542;1493.09947917;
2013.26752283;-50.5065140699;33.3620726153;60.5304539276;67.051940476;-48.2530469542;1493.09947917;67.0519437646;-48.2530597229;1494.25005208;
2013.27848174;-89.0971374758;-31.3330835587;94.4460800228;67.0519437646;-48.2530597229;1494.25005208;67.051940676;-48.2530822479;1492.4484375;
2013.28944064;-125.767728927;56.5052270303;137.878070487;67.051940676;-48.2530822479;1492.4484375;67.0519462458;-48.2531140437;1492.82666667;
2013.30039954;-97.9928322645;36.2576086392;104.485450468;67.0519462458;-48.2531140437;1492.82666667;67.0519498198;-48.2531388177;1493.57020833;
2013.31135845;-68.9200631719;-7.58757294768;69.3364721547;67.0519498198;-48.2531388177;1493.57020833;67.0519490719;-48.2531562417;1492.52229167;
2013.32231735;-104.024923156;0.253623523941;104.025232336;67.0519490719;-48.2531562417;1492.52229167;67.0519490969;-48.2531825406;1492.69541667;
2013.33327626;-77.9352563944;8.34844395203;78.3811246773;67.0519490969;-48.2531825406;1492.69541667;67.0519499198;-48.2532022437;1493.55677083;
2013.34423516;-100.732809162;27.8034882906;104.499439246;67.0519499198;-48.2532022437;1493.55677083;67.0519526604;-48.2532277104;1493.95635417;
2013.35519406;-79.4288493254;20.797136172;82.1064125274;67.0519526604;-48.2532277104;1493.95635417;67.0519547104;-48.2532477911;1494.26166667;
2013.36615297;-88.522317146;-15.3970668032;89.851378949;67.0519547104;-48.2532477911;1494.26166667;67.0519531927;-48.2532701708;1492.74541667;
2013.37711187;-108.219358431;78.1794781407;133.504533037;67.0519531927;-48.2532701708;1492.74541667;67.051960899;-48.2532975302;1494.50947917;
2013.38807078;-96.620717635;15.1011725478;97.7937037269;67.051960899;-48.2532975302;1494.50947917;67.0519623875;-48.2533219573;1492.62854167;
2013.39902968;-75.9409952084;-30.7941334622;81.9470158635;67.0519623875;-48.2533219573;1492.62854167;67.0519593521;-48.2533411563;1493.33588542;
2013.40998858;-97.3582551059;3.5507304886;97.4229825261;67.0519593521;-48.2533411563;1493.33588542;67.0519597021;-48.2533657698;1492.78729167;
2013.42094749;-83.67066139;46.6773120898;95.8099736007;67.0519597021;-48.2533657698;1492.78729167;67.0519643031;-48.2533869229;1494.03791667;
2013.43190639;-119.570696487;-8.90852927012;119.902099032;67.0519643031;-48.2533869229;1494.03791667;67.051963425;-48.2534171521;1492.1815625;
2013.4428653;-84.2845711989;117.713058525;144.776562638;67.051963425;-48.2534171521;1492.1815625;67.0519750281;-48.2534384604;1493.34026042;
2013.4538242;-102.438502458;1.05676511559;102.443953156;67.0519750281;-48.2534384604;1493.34026042;67.0519751323;-48.2534643583;1492.82260417;
2013.46478311;-73.0073130655;-83.6852241974;111.055321845;67.0519751323;-48.2534643583;1492.82260417;67.0519668833;-48.2534828156;1491.50692708;
2013.47574201;-98.6396337038;51.638824133;111.338876836;67.0519668833;-48.2534828156;1491.50692708;67.0519719734;-48.2535077531;1491.04848958;
2013.48670091;-84.6347656404;85.9308496716;120.611585183;67.0519719734;-48.2535077531;1491.04848958;67.0519804437;-48.25352915;1491.20125;
2013.49765982;-109.179262776;11.1066008197;109.742735532;67.0519804437;-48.25352915;1491.20125;67.0519815385;-48.2535567521;1492.94041667;
2013.50861872;-96.8884538861;-0.855979861867;96.8922349724;67.0519815385;-48.2535567521;1492.94041667;67.0519814542;-48.2535812469;1492.21052083;
2013.51957763;-86.0768316443;2.80042745547;86.1223742117;67.0519814542;-48.2535812469;1492.21052083;67.0519817302;-48.2536030083;1491.35442708;
2013.53053653;-99.9333421563;20.4484036464;102.003970934;67.0519817302;-48.2536030083;1491.35442708;67.0519837458;-48.2536282729;1491.4965625;
2013.54149543;-87.2511039943;0.591788366686;87.2531108998;67.0519837458;-48.2536282729;1491.4965625;67.0519838042;-48.2536503312;1493.05869792;
2013.55245434;-93.7570300574;-6.20321081622;93.962016313;67.0519838042;-48.2536503312;1493.05869792;67.0519831927;-48.2536740344;1493.6546875;
2013.56341324;-112.21589878;13.0404805865;112.971067415;67.0519831927;-48.2536740344;1493.6546875;67.0519844781;-48.2537024042;1492.58583333;
2013.57437215;-181.172940117;50.7141545508;188.137076894;67.0519844781;-48.2537024042;1492.58583333;67.0519894771;-48.2537482073;1493.368125;
2013.58533105;-182.606760798;22.4139867499;183.977215685;67.0519894771;-48.2537482073;1493.368125;67.0519916865;-48.2537943729;1493.0521875;
2013.59628995;-136.059927009;32.8653929606;139.972989509;67.0519916865;-48.2537943729;1493.0521875;67.051994926;-48.2538287708;1492.96729167;
2013.60724886;-109.710713868;23.8194841028;112.266684997;67.051994926;-48.2538287708;1492.96729167;67.051997274;-48.2538565073;1492.97708333;
2013.61820776;-115.695410315;19.9464402237;117.402250598;67.051997274;-48.2538565073;1492.97708333;67.0519992401;-48.2538857568;1492.7665625;
2013.62916667;-88.7693715344;17.1354452288;90.4081014389;67.0519992401;-48.2538857568;1492.7665625;67.0520009292;-48.253908199;1493.28104167;
2013.64012557;-91.9481610617;6.02356078417;92.1452527651;67.0520009292;-48.253908199;1493.28104167;67.0520015229;-48.2539314448;1492.30072917;
2013.65108447;-129.385018965;10.2823238628;129.792947869;67.0520015229;-48.2539314448;1492.30072917;67.0520025365;-48.2539641552;1492.0684375;
2013.66204338;-86.8760909929;20.6174861399;89.2890582374;67.0520025365;-48.2539641552;1492.0684375;67.0520045688;-48.2539861187;1491.65958333;
