2006.6755137;-58.0784475618;-4.04741014183;58.2193060766;66.9998111406;-47.0127925016;1850.65104167;66.9998103427;-47.0128218047;1849.97552083;
2006.69743151;-55.3872810717;7.60078265917;55.9063753211;66.9998103427;-47.0128218047;1849.97552083;66.9998118411;-47.01284975;1849.84427083;
2006.71934932;-48.8467168146;8.8662586828;49.6448616334;66.9998118411;-47.01284975;1849.84427083;66.9998135891;-47.0128743953;1850.00989583;
2006.74126712;-44.1972997956;-5.03020162153;44.4826284922;66.9998135891;-47.0128743953;1850.00989583;66.9998125974;-47.0128966948;1849.46458333;
2006.76318493;-64.9555297891;7.3550847174;65.3706212406;66.9998125974;-47.0128966948;1849.46458333;66.9998140474;-47.0129294677;1848.44739583;
2006.78510274;-40.0815771218;0.932595166235;40.0924251987;66.9998140474;-47.0129294677;1848.44739583;66.9998142312;-47.0129496906;1848.70260417;
2006.80702055;-57.7708191374;15.5767167628;59.8339506377;66.9998142312;-47.0129496906;1848.70260417;66.9998173021;-47.0129788385;1847.5921875;
2006.82893836;-48.8993523996;9.82527305591;49.8766744654;66.9998173021;-47.0129788385;1847.5921875;66.9998192391;-47.0130035104;1847.74375;
2006.85085616;-52.5102820227;-9.29953245517;53.3273946671;66.9998192391;-47.0130035104;1847.74375;66.9998174057;-47.0130300042;1847.915625;
2006.87277397;-58.4552167174;-2.39093086138;58.5040931206;66.9998174057;-47.0130300042;1847.915625;66.9998169344;-47.0130594974;1846.64427083;
2006.89469178;-42.7634495047;5.63784144057;43.1334889575;66.9998169344;-47.0130594974;1846.64427083;66.9998180458;-47.0130810734;1846.88489583;
2006.91660959;-50.6108798104;-6.53873363006;51.0315215594;66.9998180458;-47.0130810734;1846.88489583;66.9998167568;-47.0131066089;1846.784375;
2006.9385274;-50.9061160587;6.68139698856;51.3427085173;66.9998167568;-47.0131066089;1846.784375;66.999818074;-47.0131322932;1847.17447917;
2006.96044521;-59.3564001116;9.39992500976;60.096096582;66.999818074;-47.0131322932;1847.17447917;66.9998199271;-47.0131622411;1846.84947917;
2006.98236301;-53.8667032178;5.87561372854;54.1862026003;66.9998199271;-47.0131622411;1846.84947917;66.9998210854;-47.0131894193;1847.63802083;
2007.00428082;-22.973504716;-7.16486700221;24.0648548322;66.9998210854;-47.0131894193;1847.63802083;66.9998196729;-47.0132010104;1847.08854167;
2007.02619863;-73.8455505902;25.4310508393;78.1018801871;66.9998196729;-47.0132010104;1847.08854167;66.9998246865;-47.0132382688;1846.75182292;
2007.04811644;-36.9258645258;-5.43705618665;37.3240010041;66.9998246865;-47.0132382688;1846.75182292;66.9998236146;-47.0132568995;1847.98072917;
2007.07003425;-63.0406117178;10.3166687239;63.8792014612;66.9998236146;-47.0132568995;1847.98072917;66.9998256484;-47.0132887063;1847.9765625;
2007.09195205;-56.2904954691;17.309811492;58.8918453951;66.9998256484;-47.0132887063;1847.9765625;66.9998290609;-47.0133171073;1848.06875;
2007.11386986;-37.1044431742;-6.9667235612;37.7528136759;66.9998290609;-47.0133171073;1848.06875;66.9998276875;-47.0133358281;1848.13645833;
2007.13578767;-63.6269389144;6.1265952956;63.9212212457;66.9998276875;-47.0133358281;1848.13645833;66.9998288953;-47.0133679307;1848.23958333;
2007.15770548;-48.8177785992;0.470260518258;48.8200435509;66.9998288953;-47.0133679307;1848.23958333;66.999828988;-47.0133925615;1847.46510417;
2007.17962329;-44.8445143527;0.34080672743;44.8458093556;66.999828988;-47.0133925615;1847.46510417;66.9998290552;-47.0134151875;1847.32239583;
2007.2015411;-47.3054811092;2.884968558;47.3933707026;66.9998290552;-47.0134151875;1847.32239583;66.999829624;-47.0134390552;1847.73333333;
2007.2234589;-61.4033925383;3.99192991492;61.5330165005;66.999829624;-47.0134390552;1847.73333333;66.9998304109;-47.0134700359;1847.83385417;
2007.24537671;-53.0604656552;4.39085875398;53.2418318256;66.9998304109;-47.0134700359;1847.83385417;66.9998312766;-47.0134968073;1848.303125;
2007.26729452;-48.8064186815;-1.10167751553;48.8188508454;66.9998312766;-47.0134968073;1848.303125;66.9998310594;-47.0135214323;1847.84375;
2007.28921233;-46.7501080592;9.18593018837;47.6440333827;66.9998310594;-47.0135214323;1847.84375;66.9998328703;-47.0135450198;1848.61770833;
2007.31113014;-57.7666457136;11.9071001667;58.9810511214;66.9998328703;-47.0135450198;1848.61770833;66.9998352177;-47.0135741656;1849.459375;
2007.33304795;-49.8294047134;2.90874573628;49.9142301939;66.9998352177;-47.0135741656;1849.459375;66.9998357911;-47.0135993068;1849.6859375;
2007.35496575;-53.6261457952;-3.82813140714;53.7626087808;66.9998357911;-47.0135993068;1849.6859375;66.9998350365;-47.0136263635;1849.8078125;
2007.37688356;-54.0772557878;0.863905515878;54.0841559635;66.9998350365;-47.0136263635;1849.8078125;66.9998352068;-47.0136536479;1849.22760417;
2007.39880137;-52.1437865553;4.47539992872;52.3354915984;66.9998352068;-47.0136536479;1849.22760417;66.9998360891;-47.0136799568;1850.41770833;
2007.42071918;-54.9660503568;15.3310188931;57.0640590225;66.9998360891;-47.0136799568;1850.41770833;66.9998391115;-47.0137076896;1851.771875;
2007.44263699;-40.4923849836;5.5585841073;40.872131079;66.9998391115;-47.0137076896;1851.771875;66.9998402073;-47.0137281198;1851.515625;
2007.46455479;-56.0323907133;5.7303085574;56.3246415453;66.9998402073;-47.0137281198;1851.515625;66.999841337;-47.0137563906;1851.96979167;
2007.4864726;-50.6077344811;2.43055956406;50.6660676301;66.999841337;-47.0137563906;1851.96979167;66.9998418161;-47.0137819245;1851.66927083;
2007.50839041;-49.7932612216;-2.13994922214;49.8392239682;66.9998418161;-47.0137819245;1851.66927083;66.9998413943;-47.0138070474;1851.28489583;
2007.53030822;-51.080520539;8.64962190474;51.8076783656;66.9998413943;-47.0138070474;1851.28489583;66.9998430995;-47.0138328198;1851.36197917;
2007.55222603;-49.0572400131;-5.47140104786;49.3614123292;66.9998430995;-47.0138328198;1851.36197917;66.9998420208;-47.0138575714;1851.240625;
2007.57414384;-52.0580923191;4.30895946406;52.2361188027;66.9998420208;-47.0138575714;1851.240625;66.9998428703;-47.013883837;1850.67395833;
2007.59606164;-54.0896257891;5.0407693044;54.3239999741;66.9998428703;-47.013883837;1850.67395833;66.9998438641;-47.0139111276;1850.93072917;
2007.61797945;-53.1399221731;3.86776010975;53.2804926482;66.9998438641;-47.0139111276;1850.93072917;66.9998446266;-47.0139379391;1850.64375;
2007.63989726;-52.2211877059;6.65497785346;52.6435292856;66.9998446266;-47.0139379391;1850.64375;66.9998459385;-47.013964287;1850.32604167;
2007.66181507;-48.863164828;11.2149190288;50.1336542238;66.9998459385;-47.013964287;1850.32604167;66.9998481495;-47.0139889406;1849.34479167;
2007.68373288;-45.6517251192;17.8223425257;49.0073045521;66.9998481495;-47.0139889406;1849.34479167;66.999851663;-47.014011974;1848.80833333;
2007.70565068;-42.0717582751;-3.0461252532;42.181888571;66.999851663;-47.014011974;1848.80833333;66.9998510625;-47.014033201;1848.14166667;
2007.72756849;-57.0667140964;4.62070517177;57.2534782703;66.9998510625;-47.014033201;1848.14166667;66.9998519734;-47.0140619937;1847.73854167;
2007.7494863;-51.6885134713;9.40256696652;52.5367556139;66.9998519734;-47.0140619937;1847.73854167;66.9998538271;-47.0140880729;1847.99427083;
2007.77140411;-60.4567272624;12.6653290702;61.7691381819;66.9998538271;-47.0140880729;1847.99427083;66.999856324;-47.014118576;1848.52291667;
2007.79332192;-51.2012663659;-3.94173360144;51.3527695578;66.999856324;-47.014118576;1848.52291667;66.9998555469;-47.0141444094;1846.66197917;
2007.81523973;-48.519395106;-0.531024442479;48.522300939;66.9998555469;-47.0141444094;1846.66197917;66.9998554422;-47.0141688896;1846.6296875;
2007.83715753;-51.3519816307;10.5121703523;52.4169032176;66.9998554422;-47.0141688896;1846.6296875;66.9998575146;-47.014194799;1847.18020833;
2007.85907534;-47.2661989861;18.3507249395;50.7034779123;66.9998575146;-47.014194799;1847.18020833;66.9998611323;-47.0142186469;1847.18854167;
2007.88099315;-51.6317184145;-6.30096148633;52.0147715759;66.9998611323;-47.0142186469;1847.18854167;66.9998598901;-47.0142446974;1846.87447917;
2007.90291096;-52.2510910897;-1.48739685914;52.2722571684;66.9998598901;-47.0142446974;1846.87447917;66.9998595969;-47.0142710604;1845.7375;
2007.92482877;-54.3074004041;12.1475141948;55.6494010728;66.9998595969;-47.0142710604;1845.7375;66.9998619917;-47.0142984609;1845.70416667;
2007.94674658;-59.4636503874;1.26547616752;59.4771144839;66.9998619917;-47.0142984609;1845.70416667;66.9998622411;-47.014328463;1845.60989583;
2007.96866438;-36.2661784559;-4.31952714697;36.5225138041;66.9998622411;-47.014328463;1845.60989583;66.9998613896;-47.0143467609;1845.71145833;
2007.99057732;-67.8521991825;-0.103080385342;67.8522774818;66.9998613896;-47.0143467609;1845.71145833;66.9998613693;-47.0143809802;1845.2453125;
2008.01246308;-38.6154214621;-8.0037092697;39.4361526618;66.9998613693;-47.0143809802;1845.2453125;66.9998597953;-47.0144004151;1845.34583333;
2008.03432377;-49.433825742;6.38710238028;49.8447409894;66.9998597953;-47.0144004151;1845.34583333;66.999861051;-47.0144252885;1845.37109375;
2008.05618169;-61.7588966389;12.9358030533;63.0990991591;66.999861051;-47.0144252885;1845.37109375;66.9998635943;-47.0144563635;1845.11223958;
2008.07803962;-51.5092165243;3.58959922862;51.6341418982;66.9998635943;-47.0144563635;1845.11223958;66.9998643;-47.0144822813;1845.12239583;
2008.09989754;-52.6975229239;5.67448085222;53.0021570812;66.9998643;-47.0144822813;1845.12239583;66.9998654156;-47.0145087969;1845.75885417;
2008.12175546;-44.7996206771;-1.23450419654;44.8166265288;66.9998654156;-47.0145087969;1845.75885417;66.9998651729;-47.0145313385;1846.04322917;
2008.14361339;-45.5583577444;6.0188704195;45.9542246316;66.9998651729;-47.0145313385;1846.04322917;66.9998663562;-47.014554262;1845.47239583;
2008.16547131;-46.6307309057;8.0454707651;47.3197069373;66.9998663562;-47.014554262;1845.47239583;66.999867938;-47.014577725;1845.5296875;
2008.18732923;-60.9028421271;-3.23196383097;60.9885380163;66.999867938;-47.014577725;1845.5296875;66.9998673026;-47.0146083693;1845.884375;
2008.20918716;-54.0069322221;19.4156256683;57.3908986524;66.9998673026;-47.0146083693;1845.884375;66.9998711198;-47.0146355437;1847.909375;
2008.23104508;-59.6917541383;8.70775852789;60.3235490558;66.9998711198;-47.0146355437;1847.909375;66.9998728318;-47.0146655786;1847.06302083;
2008.25290301;-35.8717740441;-15.4498470384;39.0574185857;66.9998728318;-47.0146655786;1847.06302083;66.9998697943;-47.0146836281;1847.41197917;
2008.27476093;-57.1743669498;9.77536611386;58.004017264;66.9998697943;-47.0146836281;1847.41197917;66.9998717161;-47.0147123964;1847.69479167;
2008.29661885;-47.5043544075;13.6457754587;49.4254071864;66.9998717161;-47.0147123964;1847.69479167;66.999874399;-47.014736299;1847.8359375;
2008.31847678;-47.4153296296;-0.556321697532;47.4185931647;66.999874399;-47.014736299;1847.8359375;66.9998742896;-47.0147601568;1848.41484375;
2008.3403347;-59.6006565648;-3.21871814507;59.6875063096;66.9998742896;-47.0147601568;1848.41484375;66.9998736568;-47.0147901458;1847.72604167;
2008.36219262;-52.3662671351;15.0922117132;54.4977136039;66.9998736568;-47.0147901458;1847.72604167;66.999876624;-47.0148164948;1849.17760417;
2008.38405055;-61.6667322379;7.22158492667;62.0881402021;66.999876624;-47.0148164948;1849.17760417;66.9998780438;-47.0148475234;1848.99583333;
2008.40590847;-47.95150992;-5.81223675139;48.3024781938;66.9998780438;-47.0148475234;1848.99583333;66.999876901;-47.014871651;1849.00104167;
2008.42776639;-62.2764118432;20.109703265;65.4427355592;66.999876901;-47.014871651;1849.00104167;66.9998808547;-47.0149029865;1849.85104167;
2008.44962432;-42.6734747815;-1.1444331568;42.6888179408;66.9998808547;-47.0149029865;1849.85104167;66.9998806297;-47.0149244583;1849.94739583;
2008.47148224;-54.4602811361;4.55124096629;54.6501236573;66.9998806297;-47.0149244583;1849.94739583;66.9998815245;-47.0149518609;1849.54375;
2008.49334016;-47.8448866543;6.18046864002;48.2424229447;66.9998815245;-47.0149518609;1849.54375;66.9998827396;-47.0149759349;1849.80572917;
2008.51519809;-51.5578261835;-2.88492514098;51.6384762928;66.9998827396;-47.0149759349;1849.80572917;66.9998821724;-47.0150018771;1849.77864583;
2008.53705601;-47.6037045882;4.25983435947;47.7939209449;66.9998821724;-47.0150018771;1849.77864583;66.9998830099;-47.0150258297;1849.43333333;
2008.55891393;-50.3239737205;-5.13405410783;50.5851840227;66.9998830099;-47.0150258297;1849.43333333;66.9998820005;-47.015051151;1849.0421875;
2008.58077186;-57.3171835292;8.56205518829;57.9531562278;66.9998820005;-47.015051151;1849.0421875;66.9998836839;-47.0150799911;1849.38802083;
2008.60262978;-51.1096212569;4.7658221471;51.331339801;66.9998836839;-47.0150799911;1849.38802083;66.9998846208;-47.0151057078;1848.48359375;
2008.6244877;-47.7672472856;-0.0609304007296;47.7672861461;66.9998846208;-47.0151057078;1848.48359375;66.9998846089;-47.0151297427;1848.45729167;
2008.64634563;-53.8899263202;4.77641871025;54.1011860729;66.9998846089;-47.0151297427;1848.45729167;66.9998855479;-47.0151568583;1848.7328125;
2008.66820355;-44.1785172503;18.9944108195;48.0887619805;66.9998855479;-47.0151568583;1848.7328125;66.9998892823;-47.0151790875;1848.57838542;
2008.69006148;-52.9697028225;3.7856364058;53.1048063748;66.9998892823;-47.0151790875;1848.57838542;66.9998900266;-47.0152057401;1847.96567708;
2008.7119194;-57.6028550803;-8.760741488;58.2652512637;66.9998900266;-47.0152057401;1847.96567708;66.9998883042;-47.015234724;1847.48109375;
2008.73377732;-36.834403905;24.7271729498;44.3644721948;66.9998883042;-47.015234724;1847.48109375;66.9998931656;-47.0152532578;1848.02203125;
2008.75563525;-63.0599486219;3.5790025209;63.1614311051;66.9998931656;-47.0152532578;1848.02203125;66.9998938693;-47.0152849875;1847.82677083;
2008.77749317;-45.7042545332;9.07069217086;46.595668671;66.9998938693;-47.0152849875;1847.82677083;66.9998956526;-47.0153079844;1847.63015625;
2008.79935109;-47.8697014941;-6.07185345208;48.2532457507;66.9998956526;-47.0153079844;1847.63015625;66.9998944589;-47.0153320708;1847.8153125;
2008.82120902;-56.8606706197;21.7495275018;60.8783854079;66.9998944589;-47.0153320708;1847.8153125;66.9998987349;-47.0153606813;1847.51322917;
2008.84306694;-56.9838386914;1.44908544959;57.0022606626;66.9998987349;-47.0153606813;1847.51322917;66.9998990198;-47.0153893536;1847.23890625;
2008.86492486;-45.1701281326;-4.73668150804;45.4178007748;66.9998990198;-47.0153893536;1847.23890625;66.9998980885;-47.0154120818;1846.70338542;
2008.88678279;-52.0846645956;22.536325261;56.7511959548;66.9998980885;-47.0154120818;1846.70338542;66.9999025193;-47.0154382891;1847.9859375;
2008.90864071;-55.6475030778;-13.1212435951;57.1735221258;66.9999025193;-47.0154382891;1847.9859375;66.9998999396;-47.0154662891;1846.889375;
2008.93049863;-50.5351010822;2.37098991288;50.5906911848;66.9998999396;-47.0154662891;1846.889375;66.9999004057;-47.0154917167;1846.94770833;
2008.95235656;-57.1101181756;12.6205541252;58.4879815386;66.9999004057;-47.0154917167;1846.94770833;66.999902887;-47.0155204526;1846.84875;
2008.97421448;-45.849152964;1.1682754058;45.8640348741;66.999902887;-47.0155204526;1846.84875;66.9999031167;-47.0155435224;1847.285;
2008.99608248;-59.899378916;2.29469845444;59.9433168545;66.9999031167;-47.0155435224;1847.285;66.9999035682;-47.0155736896;1847.36421875;
2009.01797994;-44.8608071478;-0.330253608575;44.862022752;66.9999035682;-47.0155736896;1847.36421875;66.9999035031;-47.0155963229;1846.95453125;
2009.03989726;-46.7334522919;5.97336439847;47.1136566758;66.9999035031;-47.0155963229;1846.95453125;66.9999046807;-47.0156199021;1846.77088542;
2009.06181507;-59.6669054838;-5.55594215059;59.9250206774;66.9999046807;-47.0156199021;1846.77088542;66.9999035854;-47.0156500068;1846.35671875;
2009.08373288;-54.8678310414;18.3216639191;57.8460219199;66.9999035854;-47.0156500068;1846.35671875;66.9999071974;-47.0156776901;1847.19130208;
2009.10565068;-48.4263867887;1.75158806596;48.4580540071;66.9999071974;-47.0156776901;1847.19130208;66.9999075427;-47.0157021234;1847.27760417;
2009.12756849;-50.7345672987;-5.2177773798;51.0021717162;66.9999075427;-47.0157021234;1847.27760417;66.9999065141;-47.0157277214;1846.8265625;
2009.1494863;-47.1886826643;6.56251095277;47.6428202523;66.9999065141;-47.0157277214;1846.8265625;66.9999078078;-47.0157515302;1846.79916667;
2009.17140411;-50.4981743235;11.6746117919;51.8301280193;66.9999078078;-47.0157515302;1846.79916667;66.9999101094;-47.0157770089;1847.2684375;
2009.19332192;-60.9035651831;-11.2413381641;61.9323173773;66.9999101094;-47.0157770089;1847.2684375;66.9999078932;-47.0158077375;1846.91072917;
2009.21523973;-47.9783752207;12.0471214959;49.4677432794;66.9999078932;-47.0158077375;1846.91072917;66.9999102682;-47.0158319448;1847.29630208;
2009.23715753;-44.2136406281;-9.48182429983;45.2189231367;66.9999102682;-47.0158319448;1847.29630208;66.999908399;-47.0158542526;1846.78598958;
2009.25907534;-55.1888597211;11.304744045;56.3347803336;66.999908399;-47.0158542526;1846.78598958;66.9999106276;-47.0158820979;1847.06130208;
2009.28099315;-55.1702736005;5.44498184085;55.43831632;66.9999106276;-47.0158820979;1847.06130208;66.999911701;-47.0159099339;1847.41328125;
2009.30291096;-42.3555317995;-4.82149042536;42.6290727549;66.999911701;-47.0159099339;1847.41328125;66.9999107505;-47.0159313042;1847.178125;
2009.32482877;-62.1526238895;17.3494401224;64.5286891926;66.9999107505;-47.0159313042;1847.178125;66.9999141708;-47.015962663;1847.45104167;
2009.34674658;-51.7234788533;-5.53480692901;52.0187692321;66.9999141708;-47.015962663;1847.45104167;66.9999130797;-47.0159887599;1847.58354167;
2009.36866438;-45.740379385;8.77643366653;46.5747581227;66.9999130797;-47.0159887599;1847.58354167;66.9999148099;-47.016011838;1848.52390625;
2009.39058219;-66.0876691784;6.38021903592;66.3949336348;66.9999148099;-47.016011838;1848.52390625;66.9999160677;-47.0160451823;1848.43802083;
2009.4125;-43.2381244914;2.38036325064;43.3035972956;66.9999160677;-47.0160451823;1848.43802083;66.999916537;-47.0160669979;1848.60817708;
2009.43441781;-60.4410871833;-4.05005202651;60.5766286724;66.999916537;-47.0160669979;1848.60817708;66.9999157385;-47.0160974932;1848.53286458;
2009.45633562;-44.7917080543;9.18593011629;45.7239370847;66.9999157385;-47.0160974932;1848.53286458;66.9999175495;-47.0161200927;1848.40145833;
2009.47825342;-46.7757488407;5.01170821264;47.0434681844;66.9999175495;-47.0161200927;1848.40145833;66.9999185375;-47.0161436932;1848.0434375;
2009.50017123;-48.0299682881;5.81749161678;48.3809989817;66.9999185375;-47.0161436932;1848.0434375;66.9999196844;-47.0161679266;1848.24796875;
2009.52208904;-57.583725824;1.26019232613;57.5975135268;66.9999196844;-47.0161679266;1848.24796875;66.9999199328;-47.0161969802;1848.12421875;
2009.54400685;-50.7809941077;2.41735006854;50.8384986395;66.9999199328;-47.0161969802;1848.12421875;66.9999204094;-47.0162226016;1847.9646875;
2009.56592466;-52.2612838809;-0.0264191350985;52.2612905586;66.9999204094;-47.0162226016;1847.9646875;66.9999204042;-47.0162489698;1847.8565625;
2009.58784247;-51.9866972095;0.435915512869;51.9885247828;66.9999204042;-47.0162489698;1847.8565625;66.9999204901;-47.0162751995;1847.27286458;
2009.60976027;-46.3504434286;10.2189180539;47.4635638382;66.9999204901;-47.0162751995;1847.27286458;66.9999225047;-47.0162985854;1847.21114583;
2009.63167808;-53.0509742078;17.5555092898;55.8802449066;66.9999225047;-47.0162985854;1847.21114583;66.9999259656;-47.0163253521;1847.49078125;
2009.65359589;-43.5715335359;-0.829560510516;43.5794298415;66.9999259656;-47.0163253521;1847.49078125;66.9999258021;-47.0163473359;1847.18666667;
2009.6755137;-32.7078122863;1.54551889864;32.7443065772;66.9999258021;-47.0163473359;1847.18666667;66.9999261068;-47.0163638385;1846.93708333;
2009.69743151;-50.3907791655;-1.43984243034;50.4113456587;66.9999261068;-47.0163638385;1846.93708333;66.9999258229;-47.016389263;1846.59739583;
2009.71934932;-56.0332257359;2.75287295462;56.1008083353;66.9999258229;-47.016389263;1846.59739583;66.9999263656;-47.0164175344;1846.813125;
2009.74126712;-51.1639568217;17.6004218339;54.1066107457;66.9999263656;-47.0164175344;1846.813125;66.9999298354;-47.016443349;1846.8359375;
2009.76318493;-51.7575107443;2.77665020504;51.8319371122;66.9999298354;-47.016443349;1846.8359375;66.9999303828;-47.016469463;1846.83239583;
2009.78510274;-56.0930875252;12.5702201406;57.4843013569;66.9999303828;-47.016469463;1846.83239583;66.9999328609;-47.0164977646;1846.93729167;
2009.80702055;-61.2668708912;11.1937838071;62.2810586352;66.9999328609;-47.0164977646;1846.93729167;66.9999350677;-47.0165286766;1847.09041667;
2009.82893836;-42.86440524;-1.97615064216;42.9099336744;66.9999350677;-47.0165286766;1847.09041667;66.9999346781;-47.0165503036;1846.196875;
2009.85085616;-54.2101984189;6.95615595041;54.6546770023;66.9999346781;-47.0165503036;1846.196875;66.9999360495;-47.0165776552;1846.48713542;
2009.87277397;-42.2058087288;-1.29189530263;42.2255761823;66.9999360495;-47.0165776552;1846.48713542;66.9999357948;-47.01659895;1846.31671875;
2009.89469178;-54.3898126622;11.1488712633;55.5207083157;66.9999357948;-47.01659895;1846.31671875;66.9999379927;-47.0166263922;1845.70713542;
2009.91660959;-56.3201715788;-4.58107646898;56.5061765499;66.9999379927;-47.0166263922;1845.70713542;66.9999370896;-47.0166548083;1845.95333333;
2009.9385274;-55.7379676596;15.8276984745;57.9416696154;66.9999370896;-47.0166548083;1845.95333333;66.9999402099;-47.0166829307;1846.33692708;
2009.96044521;-56.297456285;7.92309590561;56.8522561812;66.9999402099;-47.0166829307;1846.33692708;66.9999417719;-47.0167113354;1847.19130208;
2009.98236301;-44.250745437;0.32495520313;44.2519385746;66.9999417719;-47.0167113354;1847.19130208;66.9999418359;-47.016733662;1846.22601563;
2010.00428082;-47.9205005889;-0.998642931877;47.9309051072;66.9999418359;-47.016733662;1846.22601563;66.9999416391;-47.0167578401;1846.40020833;
2010.02619863;-54.2855393049;3.2389849251;54.3820816167;66.9999416391;-47.0167578401;1846.40020833;66.9999422776;-47.0167852297;1845.65911458;
2010.04811644;-46.9800927308;-0.969581984177;46.9900968527;66.9999422776;-47.0167852297;1845.65911458;66.9999420865;-47.0168089333;1845.78609375;
2010.07003425;-52.6204707142;7.59285678904;53.1654531853;66.9999420865;-47.0168089333;1845.78609375;66.9999435833;-47.0168354828;1846.238125;
2010.09195205;-49.5793709365;2.50453327206;49.6425896723;66.9999435833;-47.0168354828;1846.238125;66.9999440771;-47.0168604979;1846.17760417;
2010.11386986;-51.0627561209;10.1634378269;52.0643883199;66.9999440771;-47.0168604979;1846.17760417;66.9999460807;-47.0168862615;1847.09473958;
2010.13578767;-54.08010573;0.414780219207;54.0816963343;66.9999460807;-47.0168862615;1847.09473958;66.9999461625;-47.0169135474;1846.42578125;
2010.15770548;-51.0266219096;-0.607639818936;51.030239757;66.9999461625;-47.0169135474;1846.42578125;66.9999460427;-47.0169392927;1847.10723958;
2010.17962329;-52.9879538287;1.09110990471;52.9991865199;66.9999460427;-47.0169392927;1847.10723958;66.9999462578;-47.0169660276;1847.07989583;
2010.2015411;-54.5394698248;2.36715368307;54.590815943;66.9999462578;-47.0169660276;1847.07989583;66.9999467245;-47.0169935453;1847.2925;
2010.2234589;-48.4985676343;-4.9430185622;48.7498153338;66.9999467245;-47.0169935453;1847.2925;66.99994575;-47.0170180151;1847.08880208;
2010.24537671;-53.196474922;6.42777339247;53.5834042863;66.99994575;-47.0170180151;1847.08880208;66.9999470172;-47.0170448552;1846.58671875;
2010.26729452;-52.5492327791;-1.61685050579;52.5741007648;66.9999470172;-47.0170448552;1846.58671875;66.9999466984;-47.0170713688;1846.79880208;
2010.28921233;-53.7446134048;3.31824225821;53.8469516474;66.9999466984;-47.0170713688;1846.79880208;66.9999473526;-47.0170984854;1847.13036458;
2010.31113014;-52.4656173931;5.80956581871;52.7862866987;66.9999473526;-47.0170984854;1847.13036458;66.9999484979;-47.0171249568;1847.10520833;
2010.33304795;-54.216361254;6.68668090195;54.6271501098;66.9999484979;-47.0171249568;1847.10520833;66.9999498161;-47.0171523115;1847.53177083;
2010.35496575;-48.8474719981;-2.59435821611;48.9163184956;66.9999498161;-47.0171523115;1847.53177083;66.9999493047;-47.0171769573;1847.40630208;
2010.37688356;-47.6056405858;13.698316863;49.5372677936;66.9999493047;-47.0171769573;1847.40630208;66.9999520052;-47.0172009766;1846.89145833;
2010.39880137;-46.0499900306;-1.12545469387;46.0637409476;66.9999520052;-47.0172009766;1846.89145833;66.9999517833;-47.0172242109;1847.1975;
2010.42071918;-63.937330413;5.66161869087;64.1875077141;66.9999517833;-47.0172242109;1847.1975;66.9999528995;-47.0172564703;1847.22260417;
2010.44263699;-49.3367662801;6.9244529738;49.8203227204;66.9999528995;-47.0172564703;1847.22260417;66.9999542646;-47.017281363;1847.78057292;
2010.46455479;-53.3316849385;-0.631417141423;53.3354226194;66.9999542646;-47.017281363;1847.78057292;66.9999541401;-47.0173082714;1847.67395833;
2010.4864726;-49.2056642381;7.8861091598;49.8336042324;66.9999541401;-47.0173082714;1847.67395833;66.9999556948;-47.0173330979;1847.47880208;
2010.50839041;-54.5084802845;-2.89289428411;54.5851926832;66.9999556948;-47.0173330979;1847.47880208;66.9999551245;-47.0173606;1847.33661458;
2010.53030822;-45.5451995117;4.81620665616;45.799138039;66.9999551245;-47.0173606;1847.33661458;66.999956074;-47.0173835797;1847.64338542;
2010.55222603;-60.4647313549;2.44905297299;60.5143090375;66.999956074;-47.0173835797;1847.64338542;66.9999565568;-47.017414087;1847.44583333;
2010.57414384;-47.136971583;4.68939496622;47.3696581703;66.9999565568;-47.017414087;1847.44583333;66.9999574813;-47.0174378698;1847.20197917;
2010.59606164;-58.4486863785;0.42534790208;58.4502340476;66.9999574813;-47.0174378698;1847.20197917;66.9999575651;-47.0174673599;1847.23270833;
2010.61797945;-33.452042946;6.50967261042;34.0795395326;66.9999575651;-47.0174673599;1847.23270833;66.9999588484;-47.017484238;1848.80322917;
2010.63989726;-39.6632654036;-0.811067101521;39.6715572208;66.9999588484;-47.017484238;1848.80322917;66.9999586885;-47.01750425;1848.40755208;
2010.66181507;-55.3518457318;1.569296077;55.3740870452;66.9999586885;-47.01750425;1848.40755208;66.9999589979;-47.0175321776;1848.57161458;
2010.68373288;-50.9739487599;-2.82156267701;51.0519800607;66.9999589979;-47.0175321776;1848.57161458;66.9999584417;-47.0175578964;1846.73645833;
2010.70565068;-52.3210743664;17.8646131126;55.2868811249;66.9999584417;-47.0175578964;1846.73645833;66.9999619635;-47.0175842948;1847.54947917;
2010.72756849;-58.1266045227;11.8225589921;59.3167350287;66.9999619635;-47.0175842948;1847.54947917;66.9999642943;-47.0176136224;1846.43880208;
2010.7494863;-44.0483777698;-4.57315081499;44.2851362483;66.9999642943;-47.0176136224;1846.43880208;66.9999633927;-47.0176358469;1845.36484375;
2010.77140411;-54.6715631014;12.1448723105;56.0042653321;66.9999633927;-47.0176358469;1845.36484375;66.999965787;-47.0176634312;1846.521875;
2010.79332192;-53.2594001488;7.26261781641;53.7522959673;66.999965787;-47.0176634312;1846.521875;66.9999672188;-47.0176903031;1846.03541667;
2010.81523973;-52.397444118;-6.0077092598;52.7407311349;66.9999672188;-47.0176903031;1846.03541667;66.9999660344;-47.0177167401;1844.88307292;
2010.83715753;-42.9613848849;7.9151701795;43.6844424274;66.9999660344;-47.0177167401;1844.88307292;66.9999675948;-47.0177384161;1844.75546875;
2010.85907534;-63.0257866091;5.93637758068;63.3047419747;66.9999675948;-47.0177384161;1844.75546875;66.9999687651;-47.0177702156;1844.68411458;
2010.88099315;-41.3200567397;1.59835716886;41.3509592949;66.9999687651;-47.0177702156;1844.68411458;66.9999690802;-47.0177910635;1845.13255208;
2010.90291096;-58.5209180316;29.5365830929;65.5523270988;66.9999690802;-47.0177910635;1845.13255208;66.9999749031;-47.0178205901;1845.95989583;
2010.92482877;-55.6811056716;-11.8146331935;56.9207439016;66.9999749031;-47.0178205901;1845.95989583;66.999972574;-47.0178486839;1845.32734375;
2010.94674658;-44.1980431879;2.13466530858;44.2495629088;66.999972574;-47.0178486839;1845.32734375;66.9999729948;-47.0178709839;1845.15911458;
2010.96866438;-55.4447182121;13.9096699441;57.162887397;66.9999729948;-47.0178709839;1845.15911458;66.999975737;-47.0178989583;1844.38385417;
2010.99058219;-59.8783482852;-12.4988885332;61.1689366258;66.999975737;-47.0178989583;1844.38385417;66.9999732729;-47.0179291698;1844.16692708;
2011.0125;-38.7383202054;16.3851420522;42.0610310431;66.9999732729;-47.0179291698;1844.16692708;66.9999765031;-47.0179487151;1844.37786458;
2011.03441781;-56.4243425388;-11.4579750863;57.5759639434;66.9999765031;-47.0179487151;1844.37786458;66.9999742443;-47.0179771839;1843.32734375;
2011.05633562;-47.3981037829;12.5015304898;49.0190626879;66.9999742443;-47.0179771839;1843.32734375;66.9999767089;-47.0180010984;1843.69348958;
2011.07825342;-60.2737085265;4.18743147144;60.4189914006;66.9999767089;-47.0180010984;1843.69348958;66.9999775344;-47.0180315094;1843.41145833;
2011.10017123;-49.5968504561;-1.49268055638;49.6193074358;66.9999775344;-47.0180315094;1843.41145833;66.9999772401;-47.0180565333;1843.80208333;
2011.12208904;-52.2477421701;12.8449791022;53.8035319473;66.9999772401;-47.0180565333;1843.80208333;66.9999797724;-47.0180828948;1845.06458333;
2011.14400685;-59.0256763903;-4.81620665611;59.2218398894;66.9999797724;-47.0180828948;1845.06458333;66.9999788229;-47.018112676;1844.18385417;
2011.16592466;-43.8883483219;5.3604406662;44.2144935803;66.9999788229;-47.018112676;1844.18385417;66.9999798797;-47.0181348198;1845.06927083;
2011.18784247;-41.7773371599;-1.01185249942;41.7895889625;66.9999798797;-47.0181348198;1845.06927083;66.9999796802;-47.0181558984;1844.88958333;
2011.20976027;-58.3051463327;13.5688631441;59.8632118742;66.9999796802;-47.0181558984;1844.88958333;66.9999823552;-47.0181853161;1845.82265625;
2011.23167808;-45.5781814235;1.8546226496;45.6158990599;66.9999823552;-47.0181853161;1845.82265625;66.9999827208;-47.0182083125;1846.8109375;
2011.25359589;-57.4390575993;-6.98257501328;57.8619191845;66.9999827208;-47.0182083125;1846.8109375;66.9999813443;-47.0182372932;1845.76484375;
2011.2755137;-46.069547784;-2.84005608603;46.1570054444;66.9999813443;-47.0182372932;1845.76484375;66.9999807844;-47.0182605375;1845.97916667;
2011.29743151;-55.3714087065;4.57050885819;55.559719702;66.9999807844;-47.0182605375;1845.97916667;66.9999816854;-47.018288475;1845.828125;
2011.31934932;-61.5619794742;13.2888204133;62.9799179482;66.9999816854;-47.018288475;1845.828125;66.9999843052;-47.0183195359;1847.86197917;
2011.34126712;-41.785587809;10.1449444898;42.9994796159;66.9999843052;-47.0183195359;1847.86197917;66.9999863052;-47.0183406187;1847.98854167;
2011.36318493;-59.7730298893;-6.10017623265;60.0835023298;66.9999863052;-47.0183406187;1847.98854167;66.9999851026;-47.0183707771;1847.31901042;
2011.38510274;-44.9866809083;4.64448235006;45.2257965706;66.9999851026;-47.0183707771;1847.31901042;66.9999860182;-47.018393475;1846.96744792;
2011.40702055;-56.3644483055;7.43698400737;56.8529661839;66.9999860182;-47.018393475;1846.96744792;66.9999874844;-47.0184219135;1846.95625;
2011.42893836;-59.5934106113;15.7088124383;61.6290627587;66.9999874844;-47.0184219135;1846.95625;66.9999905813;-47.0184519812;1848.83385417;
2011.45085616;-46.3430839231;12.512098173;48.0024377318;66.9999905813;-47.0184519812;1848.83385417;66.9999930479;-47.0184753635;1849.36145833;
2011.47277397;-51.6427934269;-13.6322690973;53.4117671836;66.9999930479;-47.0184753635;1849.36145833;66.9999903604;-47.0185014198;1848.53697917;
2011.49469178;-49.4079174271;20.8711095913;53.6353010624;66.9999903604;-47.0185014198;1848.53697917;66.999994475;-47.0185263484;1848.33125;
2011.51660959;-53.2355949509;-9.42898610182;54.064168806;66.999994475;-47.0185263484;1848.33125;66.9999926161;-47.0185532083;1848.54244792;
2011.5385274;-55.5582240483;0.0158514522251;55.5582263096;66.9999926161;-47.0185532083;1848.54244792;66.9999926193;-47.0185812401;1848.64166667;
2011.56044521;-51.6727303879;4.35123005143;51.8556098094;66.9999926193;-47.0185812401;1848.64166667;66.9999934771;-47.0186073115;1848.34739583;
2011.58236301;-53.0198510648;2.46226261262;53.0769944902;66.9999934771;-47.0186073115;1848.34739583;66.9999939625;-47.0186340625;1848.47864583;
2011.60428082;-50.9883273684;2.12409776994;51.0325515643;66.9999939625;-47.0186340625;1848.47864583;66.9999943813;-47.0186597885;1847.68619792;
2011.62619863;-55.0875013899;0.56801118836;55.0904297141;66.9999943813;-47.0186597885;1847.68619792;66.9999944932;-47.0186875828;1847.83880208;
2011.64811644;-52.4634511234;12.7128834989;53.9817664646;66.9999944932;-47.0186875828;1847.83880208;66.9999969995;-47.0187140531;1848.14557292;
2011.67003425;-55.4735673058;7.68268187705;56.0030380467;66.9999969995;-47.0187140531;1848.14557292;66.9999985141;-47.0187420422;1846.92526042;
2011.69195205;-57.7352839676;1.39228800161;57.7520690599;66.9999985141;-47.0187420422;1846.92526042;66.9999987885;-47.0187711724;1846.44947917;
2011.71386986;-41.0258066283;3.12538258645;41.1446816224;66.9999987885;-47.0187711724;1846.44947917;66.9999994047;-47.0187918719;1846.72578125;
2011.73578767;-55.5716281759;13.090676972;57.0926587374;66.9999994047;-47.0187918719;1846.72578125;67.0000019854;-47.0188199104;1846.28619792;
2011.75770548;-53.3408707783;16.2424787659;55.7590047602;67.0000019854;-47.0188199104;1846.28619792;67.0000051875;-47.0188468234;1846.60260417;
2011.77962329;-52.1423898361;10.8952476673;53.2685201555;67.0000051875;-47.0188468234;1846.60260417;67.0000073354;-47.0188731318;1847.6375;
2011.8015411;-50.4669993439;2.28525439305;50.5187134675;67.0000073354;-47.0188731318;1847.6375;67.0000077859;-47.0188985948;1846.81354167;
2011.8234589;-45.6937487956;16.6757524661;48.6415398534;67.0000077859;-47.0188985948;1846.81354167;67.0000110734;-47.0189216495;1845.59713542;
2011.84537671;-63.2465812064;15.7959955699;65.1892898438;67.0000110734;-47.0189216495;1845.59713542;67.0000141875;-47.0189535604;1846.14947917;
2011.86729452;-44.0080286104;14.2425508011;46.2553438588;67.0000141875;-47.0189535604;1846.14947917;67.0000169953;-47.0189757646;1847.41171875;
2011.88921233;-52.5594043353;-14.062900841;54.4082361793;67.0000169953;-47.0189757646;1847.41171875;67.0000142229;-47.0190022833;1845.30182292;
2011.91113014;-51.1658365405;3.90738881235;51.3148177062;67.0000142229;-47.0190022833;1845.30182292;67.0000149932;-47.019028099;1845.53880208;
2011.93304795;-53.268582872;8.05254962442;53.8737921131;67.0000149932;-47.019028099;1845.53880208;67.0000165807;-47.0190549755;1844.61770833;
2011.95496575;-41.985794034;-14.4037075681;44.3877651203;67.0000165807;-47.0190549755;1844.61770833;67.0000137411;-47.0190761594;1843.58802083;
2011.97688356;-59.5499906389;7.59021497653;60.0317644959;67.0000137411;-47.0190761594;1843.58802083;67.0000152375;-47.0191062052;1843.37630208;
2011.99878799;-50.6568259749;5.53892676786;50.9587453494;67.0000152375;-47.0191062052;1843.37630208;67.0000163281;-47.0191317328;1843.51796875;
2012.02066252;-52.4547645602;-4.17769361118;52.6208651485;67.0000163281;-47.0191317328;1843.51796875;67.0000155068;-47.0191581266;1843.653125;
2012.04252049;-54.9827071282;3.65847714198;55.1042878381;67.0000155068;-47.0191581266;1843.653125;67.000016226;-47.0191857922;1843.79739583;
2012.06437842;-45.7443936875;-1.28748722912;45.7625084234;67.000016226;-47.0191857922;1843.79739583;67.0000159729;-47.0192088094;1844.30494792;
2012.08623634;-58.2981473262;17.0552323909;60.7417067061;67.0000159729;-47.0192088094;1844.30494792;67.000019326;-47.0192381432;1843.49296875;
2012.10809426;-52.6930466153;5.38042512271;52.9670287641;67.000019326;-47.0192381432;1843.49296875;67.0000203839;-47.0192646568;1844.6703125;
2012.12995219;-43.364679948;-15.6882706127;46.1152610511;67.0000203839;-47.0192646568;1844.6703125;67.0000172995;-47.0192864766;1844.34791667;
2012.15259278;-46.6611915419;4.90714129734;46.918512677;67.0000172995;-47.0192864766;1844.34791667;67.0000183333;-47.0193116365;1844.5421875;
2012.17581683;-49.7346576186;4.35076341052;49.9245962496;67.0000183333;-47.0193116365;1844.5421875;67.0000192344;-47.0193379974;1844.22135417;
2012.1982582;-56.1347703878;-3.50482636199;56.2440775044;67.0000192344;-47.0193379974;1844.22135417;67.0000185453;-47.0193662427;1844.02708333;
2012.22011612;-60.9200617634;7.1924442153;61.3431754887;67.0000185453;-47.0193662427;1844.02708333;67.0000199594;-47.0193968958;1845.675;
2012.24197404;-56.5674425234;13.2219113426;58.0921207496;67.0000199594;-47.0193968958;1845.675;67.0000225589;-47.0194253589;1847.68984375;
2012.26383197;-52.498439923;6.65466666577;52.9185296733;67.0000225589;-47.0194253589;1847.68984375;67.0000238672;-47.0194517745;1846.63020833;
2012.28568989;-41.4911343698;-9.47071389347;42.5582971104;67.0000238672;-47.0194517745;1846.63020833;67.0000220052;-47.0194726516;1845.62239583;
2012.30754781;-59.2856227599;-0.675533448556;59.2894713374;67.0000220052;-47.0194726516;1845.62239583;67.0000218724;-47.0195024823;1846.09192708;
2012.32940574;-52.7199537907;17.2777610845;55.4789559724;67.0000218724;-47.0195024823;1846.09192708;67.0000252693;-47.0195290094;1847.31953125;
2012.35126366;-49.0649921867;11.4469803293;50.3826043089;67.0000252693;-47.0195290094;1847.31953125;67.0000275198;-47.0195536974;1847.65755208;
2012.37312158;-57.8726917132;12.4457101465;59.1958119057;67.0000275198;-47.0195536974;1847.65755208;67.0000299667;-47.0195828172;1848.32708333;
2012.39497951;-46.1987786608;4.22539540266;46.3916060948;67.0000299667;-47.0195828172;1848.32708333;67.0000307974;-47.019606063;1848.72057292;
2012.41683743;-61.3878982464;11.6986495896;62.4926591956;67.0000307974;-47.019606063;1848.72057292;67.0000330974;-47.0196369516;1849.08333333;
2012.69040301;-51.356697112;23.2277535901;56.3652275352;67.0000330974;-47.0196369516;1849.08333333;67.0000285927;-47.019692251;1848.3203125;
2012.71226093;-52.8772553371;7.33284930939;53.3832821301;67.0000285927;-47.019692251;1848.3203125;67.0000331284;-47.0196775219;1845.3140625;
2012.73411885;-45.1864295568;-16.2101533538;48.0060671983;67.0000331284;-47.0196775219;1845.3140625;67.0000376951;-47.019703363;1846.46666667;
2012.75597678;-61.0214583715;11.372804098;62.0722083934;67.0000376951;-47.019703363;1846.46666667;67.0000391367;-47.0197299693;1846.44427083;
2012.7778347;-44.9007426104;14.8829287778;47.3030470051;67.0000391367;-47.0197299693;1846.44427083;67.0000359497;-47.0197527057;1846.46302083;
2012.79969262;-64.0563700874;26.6292631545;69.3710040646;67.0000359497;-47.0197527057;1846.46302083;67.0000381857;-47.0197834099;1843.45989583;
2012.82155055;-49.2336715171;3.4756857953;49.3562032859;67.0000381857;-47.0197834099;1843.45989583;67.0000411117;-47.0198060026;1844.525;
2012.84340847;-47.3870452563;-9.3356071892;48.2978842157;67.0000411117;-47.0198060026;1844.525;67.0000463471;-47.0198382339;1846.4421875;
2012.86526639;-57.9575281657;3.92339223264;58.0901719543;67.0000463471;-47.0198382339;1846.4421875;67.0000470305;-47.0198630068;1844.2046875;
2012.88712432;-81.8880887181;-17.1956374127;83.6740642011;67.0000470305;-47.0198630068;1844.2046875;67.0000451951;-47.0198868505;1842.4921875;
2012.90898224;-126.081858683;-30.1844233537;129.644647025;67.0000451951;-47.0198868505;1842.4921875;67.0000459664;-47.019916013;1842.18958333;
2012.93084016;16.01306038;22.8277318681;27.8841073907;67.0000459664;-47.019916013;1842.18958333;67.0000425857;-47.0199572167;1840.165625;
2012.95269809;-1.37151268549;31.0745379831;31.1047899512;67.0000425857;-47.0199572167;1840.165625;67.0000366513;-47.0200206573;1837.0;
2012.97455601;-57.5310605338;2.21469001018;57.5736726116;67.0000366513;-47.0200206573;1837.0;67.0000411393;-47.0200126;1839.37552083;
2012.9964244;-57.4657000337;10.2556419889;58.3736659203;67.0000411393;-47.0200126;1839.37552083;67.0000472487;-47.0200132901;1841.55104167;
2013.01832232;-50.5492872353;10.6631512906;51.6617192459;67.0000472487;-47.0200132901;1841.55104167;67.0000476841;-47.020042238;1840.87864583;
2013.04023973;-51.3412442514;-16.9135245374;54.0554407397;67.0000476841;-47.020042238;1840.87864583;67.0000497023;-47.0200711807;1841.09895833;
2013.06215753;-51.6313206931;11.8463362425;52.9729077821;67.0000497023;-47.0200711807;1841.09895833;67.0000518044;-47.0200966844;1842.66614583;
2013.08407534;-56.5986246726;-1.95501542058;56.632379432;67.0000518044;-47.0200966844;1842.66614583;67.0000484701;-47.0201225885;1841.15989583;
2013.10599315;-46.5690382211;1.4372005457;46.5912101823;67.0000484701;-47.0201225885;1841.15989583;67.0000508055;-47.0201486391;1841.16875;
2013.12791096;-46.5463276067;9.85961784514;47.5791201865;67.0000508055;-47.0201486391;1841.16875;67.0000504201;-47.0201771958;1841.3515625;
2013.14982877;-52.2145473493;-8.57564834088;52.9140879101;67.0000504201;-47.0201771958;1841.3515625;67.0000507034;-47.0202006922;1841.78958333;
2013.17174658;-61.2304437728;4.11874174893;61.3688135636;67.0000507034;-47.0202006922;1841.78958333;67.0000526471;-47.0202241771;1841.215625;
2013.19366438;-52.0328687889;20.3374433367;55.8661886643;67.0000526471;-47.0202241771;1841.215625;67.0000509565;-47.0202505219;1841.36614583;
2013.21558219;-53.0651353229;-6.08168289562;53.4125027842;67.0000509565;-47.0202505219;1841.36614583;67.0000517685;-47.0202814156;1842.91979167;
2013.2375;-43.3968486279;-14.5331612872;45.7656994684;67.0000517685;-47.0202814156;1842.91979167;67.0000557779;-47.0203076687;1844.42760417;
2013.25941781;-62.4258166163;23.8036327224;66.81014527;67.0000557779;-47.0203076687;1844.42760417;67.0000545789;-47.0203344427;1843.33125;
2013.28133562;-41.5821057463;-16.7999223435;44.8476187667;67.0000545789;-47.0203344427;1843.33125;67.0000517138;-47.0203563385;1843.13229167;
2013.30325342;-74.3599471965;12.6072069581;75.4211072204;67.0000517138;-47.0203563385;1843.13229167;67.0000564065;-47.0203878354;1845.82083333;
2013.32517123;-48.9773262305;9.58485895535;49.9063924351;67.0000564065;-47.0203878354;1845.82083333;67.0000530945;-47.0204088156;1843.66927083;
2013.34708904;-59.9287285217;13.4341256564;61.4160258759;67.0000530945;-47.0204088156;1843.66927083;67.0000555799;-47.0204463339;1843.96023958;
2013.36900685;-50.8581220101;-5.78843052493;51.1864679611;67.0000555799;-47.0204463339;1843.96023958;67.0000574695;-47.0204710453;1845.90259896;
2013.39092466;-53.2292601075;4.59428603667;53.427161592;67.0000574695;-47.0204710453;1845.90259896;67.000060118;-47.0205012823;1847.12463542;
2013.41284247;-52.1309175269;0.993359162545;52.1403809405;67.000060118;-47.0205012823;1847.12463542;67.0000589768;-47.0205269427;1845.78426562;
2013.43476027;-60.4510532114;17.6876049651;62.9855634552;67.0000589768;-47.0205269427;1845.78426562;67.0000598826;-47.0205537995;1845.896125;
2013.45667808;-52.3218804774;7.19392802191;52.8141247876;67.0000598826;-47.0205537995;1845.896125;67.0000600784;-47.0205801021;1845.52298438;
2013.47859589;-44.8822734198;-7.80156791315;45.5552733416;67.0000600784;-47.0205801021;1845.52298438;67.0000635654;-47.0206106026;1846.65390104;
2013.5005137;-61.5328688041;9.38407355754;62.2443152408;67.0000635654;-47.0206106026;1846.65390104;67.0000649836;-47.0206370016;1846.04602604;
2013.52243151;-50.6743663388;-2.03691456644;50.7152878804;67.0000649836;-47.0206370016;1846.04602604;67.0000634456;-47.0206596469;1845.20005208;
2013.54434932;-49.6369310156;5.39478552724;49.9292362403;67.0000634456;-47.0206596469;1845.20005208;67.0000652956;-47.0206906932;1845.48170312;
2013.56626712;-52.2041960218;7.09353539518;52.6839285426;67.0000652956;-47.0206906932;1845.48170312;67.000064894;-47.0207162609;1845.20645313;
2013.58818493;-52.1536115619;0.750303177288;52.1590083668;67.000064894;-47.0207162609;1845.20645313;67.0000659576;-47.0207413052;1846.43924479;
2013.61010274;-57.1859500927;-0.641984752232;57.1895535253;67.0000659576;-47.0207413052;1846.43924479;67.000067356;-47.0207676448;1845.65073958;
2013.63202055;-48.2227097222;1.4900386717;48.2457246624;67.000067356;-47.0207676448;1845.65073958;67.0000675039;-47.0207939589;1845.57603125;
2013.65393836;-45.6533775621;8.64962197682;46.4655446882;67.0000675039;-47.0207939589;1845.57603125;67.0000673773;-47.020822812;1845.44591667;
2013.67585616;-67.8225026888;1.93387991066;67.850068257;67.0000673773;-47.020822812;1845.44591667;67.0000676711;-47.0208471427;1844.84584896;
2013.69777397;-48.1618008009;17.9702897251;51.4051589744;67.0000676711;-47.0208471427;1844.84584896;67.0000693763;-47.0208701771;1844.233125;
2013.71969178;-54.7951889751;-3.60356890297;54.9135542799;67.0000693763;-47.0208701771;1844.233125;67.0000697576;-47.0209043969;1844.99730208;
2013.74160959;-50.736287569;15.5502977;53.0658330269;67.0000697576;-47.0209043969;1844.99730208;67.0000733003;-47.0209286969;1844.72777083;
2013.7635274;-58.6125339993;26.8418321778;64.4663718265;67.0000733003;-47.0209286969;1844.72777083;67.0000725898;-47.0209563437;1844.92004687;
2013.78544521;-41.5769023595;-5.45290763904;41.9329585354;67.0000725898;-47.0209563437;1844.92004687;67.0000756555;-47.0209819427;1844.41753125;
2013.80736301;-63.3176291988;8.80285280154;63.9266171857;67.0000756555;-47.0209819427;1844.41753125;67.0000809471;-47.0210115156;1845.00095313;
2013.82928082;-53.337599357;8.60999320182;54.0280620429;67.0000809471;-47.0210115156;1845.00095313;67.0000798721;-47.0210324932;1845.23429687;
2013.85119863;-51.4918897647;12.1131694061;52.8974818361;67.0000798721;-47.0210324932;1845.23429687;67.0000816076;-47.0210644401;1844.81420833;
2013.87311644;-55.2018769336;4.07911304632;55.3523836906;67.0000816076;-47.0210644401;1844.81420833;67.0000833049;-47.0210913516;1844.41705208;
2013.89503425;-52.5478991443;0.808425216854;52.5541174012;67.0000833049;-47.0210913516;1844.41705208;67.000085693;-47.0211173318;1844.10385938;
2013.91695205;-53.0970684647;-8.21106436276;53.7282072799;67.000085693;-47.0211173318;1844.10385938;67.0000864971;-47.0211451839;1844.26888021;
2013.93886986;-56.3095083066;15.3468704175;58.3634059779;67.0000864971;-47.0211451839;1844.26888021;67.0000866565;-47.0211716969;1843.87143229;
2013.96078767;-40.816104479;-2.0712594997;40.8686248943;67.0000866565;-47.0211716969;1843.87143229;67.0000850378;-47.021198487;1842.66883854;
2013.98270548;-66.5331417444;8.93759036198;67.130763975;67.0000850378;-47.021198487;1842.66883854;67.0000880633;-47.0212268979;1843.29575521;
2014.00462329;-45.5521739458;-15.0060636178;47.9602178528;67.0000880633;-47.0212268979;1843.29575521;67.0000876549;-47.0212474917;1842.46585938;
2014.0265411;-51.5331740267;17.2279121303;54.3366265206;67.0000876549;-47.0212474917;1842.46585938;67.0000894169;-47.0212810609;1843.0814375;
2014.0484589;-51.2152265446;-0.853337832996;51.2223351231;67.0000894169;-47.0212810609;1843.0814375;67.0000864586;-47.0213040443;1842.66714583;
2014.07037671;-54.1943687833;13.936089079;55.9575212696;67.0000864586;-47.0213040443;1842.66714583;67.0000898549;-47.0213300453;1842.75048438;
2014.09229452;-50.294433078;-5.4819686587;50.5923114614;67.0000898549;-47.0213300453;1842.75048438;67.0000896867;-47.0213558859;1843.02167188;
2014.11421233;-52.706858798;5.3340215311;52.9760771485;67.0000896867;-47.0213558859;1843.02167188;67.0000924341;-47.0213832297;1843.26961979;
2014.13613014;-49.1909326955;-7.14108982387;49.7065692171;67.0000924341;-47.0213832297;1843.26961979;67.0000913534;-47.0214086057;1843.92378646;
2014.15804795;-54.2150113153;0.332881073411;54.2160332534;67.0000913534;-47.0214086057;1843.92378646;67.0000924049;-47.021435199;1844.41727604;
2014.17996575;-58.1737805362;16.8184156799;60.5561545002;67.0000924049;-47.021435199;1844.41727604;67.0000909971;-47.0214600182;1844.59747396;
2014.20188356;-56.0421278848;-9.46333096293;56.8355058988;67.0000909971;-47.0214600182;1844.59747396;67.0000910628;-47.0214873724;1846.30210417;
2014.22380137;-49.9682344804;5.26797376533;50.2451590174;67.0000910628;-47.0214873724;1846.30210417;67.0000943784;-47.021516724;1846.39779167;
2014.24571918;-54.3264911653;17.2913180109;57.0119050804;67.0000943784;-47.021516724;1846.39779167;67.0000925128;-47.021545;1846.28403125;
2014.26763699;-51.490828563;0.427989930934;51.4926072508;67.0000925128;-47.021545;1846.28403125;67.0000935513;-47.0215702115;1847.51307813;
2014.28955479;-49.2611179188;-22.7574353613;54.2637872143;67.0000935513;-47.0215702115;1847.51307813;67.0000969602;-47.0215976219;1846.74846875;
2014.3114726;-64.1134790998;10.834483671;65.022490253;67.0000969602;-47.0215976219;1846.74846875;67.0000970445;-47.0216236016;1845.72920833;
2014.33339041;-53.4727984327;4.60749560407;53.6709342937;67.0000970445;-47.0216236016;1845.72920833;67.0000925581;-47.0216484562;1844.99203125;
2014.35530822;-56.0348991429;-10.5095283958;57.0119295328;67.0000925581;-47.0216484562;1844.99203125;67.000094694;-47.0216808047;1844.87131771;
2014.37722603;-47.4804531622;17.0482621699;50.4483565193;67.000094694;-47.0216808047;1844.87131771;67.0000956023;-47.0217077844;1845.25317708;
2014.39914384;-56.833875773;3.9205983079;56.9689435261;67.0000956023;-47.0217077844;1845.25317708;67.0000935305;-47.0217360568;1845.53444792;
2014.42106164;-63.6664912985;10.3272364065;64.4986350713;67.0000935305;-47.0217360568;1845.53444792;67.0000968914;-47.021760013;1845.70245833;
2014.44297945;-44.8966611375;8.74473069018;45.7403595979;67.0000968914;-47.021760013;1845.70245833;67.0000976643;-47.0217886885;1845.06217187;
2014.46489726;-47.364823193;2.28789634981;47.4200479314;67.0000976643;-47.0217886885;1845.06217187;67.0000997003;-47.0218208115;1845.88853646;
2014.48681507;-60.8163739919;4.23762785696;60.9638321907;67.0000997003;-47.0218208115;1845.88853646;67.0001014242;-47.0218434641;1846.20968229;
2014.50873288;-50.0002139954;9.82791494079;50.9569358544;67.0001014242;-47.0218434641;1846.20968229;67.0001018753;-47.021867362;1844.88727604;
2014.53065068;-52.2846302926;-8.21634827654;52.9262783864;67.0001018753;-47.021867362;1844.88727604;67.0001027107;-47.0218980469;1845.89094792;
2014.55256849;-52.1122441256;4.04212630039;52.2687743575;67.0001027107;-47.0218980469;1845.89094792;67.0001046482;-47.0219232745;1846.57252083;
2014.5744863;-56.3414653283;7.87818343353;56.8895991333;67.0001046482;-47.0219232745;1846.57252083;67.0001030284;-47.0219496547;1844.64629167;
2014.59640411;-48.9823872854;-1.66176304988;49.0105674382;67.0001030284;-47.0219496547;1844.64629167;67.0001038253;-47.0219759479;1844.56214063;
2014.61832192;-56.013199643;13.3020300529;57.5710216843;67.0001038253;-47.0219759479;1844.56214063;67.0001053784;-47.022004375;1845.20820313;
2014.64023973;-54.6629805852;-9.50824350701;55.4837646618;67.0001053784;-47.022004375;1845.20820313;67.0001050508;-47.0220290891;1844.52136458;
